Name	SMILES	Activity	PubChem_CID	Ref1	Ref2	Ref3	Ref4	Ref5	Ref6	Ref7	Ref8	Ref9	Ref10
Abacavir	C1CC1NC2=C3C(=NC(=N2)N)N(C=N3)C4CC(C=C4)CO	BCRP_substrate	441300.0	215	178.0	127.0	111.0	203.0	97.0	71.0	55.0	289.0	
Abemaciclib	CCN1CCN(CC1)CC2=CN=C(C=C2)NC3=NC=C(C(=N3)C4=CC5=C(C(=C4)F)N=C(N5C(C)C)C)F	BCRP_substrate	46220502.0	289									
Acetaminophen	CC(=O)NC1=CC=C(C=C1)O	BCRP_substrate	1983.0	195	207.0	161.0	239.0	139.0	127.0	118.0	111.0	314.0	95.0
Acetazolamide	CC(=O)NC1=NN=C(S1)S(=O)(=O)N	BCRP_substrate	1986.0	26									
Acyclovir	C1=NC2=C(N1COCCO)N=C(NC2=O)N	BCRP_inhibitor	135398513.0	202	314.0								
Adalimumab		BCRP_inhibitor		153									
Afatinib	CN(C)CC=CC(=O)NC1=C(C=C2C(=C1)C(=NC=N2)NC3=CC(=C(C=C3)F)Cl)OC4CCOC4	BCRP_inhibitor	10184653.0	298	314.0	309.0	60.0	245.0	41.0	289.0			
Afuresertib	CN1C(=C(C=N1)Cl)C2=C(SC(=C2)C(=O)NC(CC3=CC(=CC=C3)F)CN)Cl	BCRP_inhibitor	46843057.0	60									
Albendazole	CCCSC1=CC2=C(C=C1)N=C(N2)NC(=O)OC	BCRP_substrate	2082.0	174	314.0	28.0							
Aldosterone	CC12CCC(=O)C=C1CCC3C2C(CC4(C3CCC4C(=O)CO)C=O)O	BCRP_substrate	5839.0	146	182.0								
Alectinib	CCC1=CC2=C(C=C1N3CCC(CC3)N4CCOCC4)C(C5=C(C2=O)C6=C(N5)C=C(C=C6)C#N)(C)C	BCRP_inhibitor	49806720.0	222	286.0	232.0	281.0	41.0	268.0				
Alfentanil	CCC(=O)N(C1=CC=CC=C1)C2(CCN(CC2)CCN3C(=O)N(N=N3)CC)COC	BCRP_inhibitor	51263.0	24									
Alflutinib	CN1C=C(C2=CC=CC=C21)C3=NC(=NC=C3)NC4=C(N=C(C(=C4)NC(=O)C=C)N(C)CCN(C)C)OCC(F)(F)F	BCRP_inhibitor	118861389.0	258									
Alfuzosin	CN(CCCNC(=O)C1CCCO1)C2=NC3=CC(=C(C=C3C(=N2)N)OC)OC	BCRP_inhibitor	2092.0	234									
Alisertib	COC1=C(C(=CC=C1)F)C2=NCC3=CN=C(N=C3C4=C2C=C(C=C4)Cl)NC5=CC(=C(C=C5)C(=O)O)OC	BCRP_substrate	24771867.0	39									
Aliskiren	CC(C)C(CC1=CC(=C(C=C1)OC)OCCCOC)CC(C(CC(C(C)C)C(=O)NCC(C)(C)C(=O)N)O)N	BCRP_substrate	5493444.0	168									
Allicin	C=CCSS(=O)CC=C	BCRP_substrate	65036.0	31									
Allopurinol	C1=NNC2=C1C(=O)NC=N2	BCRP_substrate	135401907.0	129	93.0	69.0	49.0						
Almonertinib	CN(C)CCN(C)C1=CC(=C(C=C1NC(=O)C=C)NC2=NC=CC(=N2)C3=CN(C4=CC=CC=C43)C5CC5)OC	BCRP_inhibitor	121280087.0	258	271.0								
Alovudine	CC1=CN(C(=O)NC1=O)C2CC(C(O2)CO)F	BCRP_substrate	33039.0	71									
Alvocidib	CN1CCC(C(C1)O)C2=C(C=C(C3=C2OC(=CC3=O)C4=CC=CC=C4Cl)O)O	BCRP_substrate	5287969.0	344									
Amiodarone	CCCCC1=C(C2=CC=CC=C2O1)C(=O)C3=CC(=C(C(=C3)I)OCCN(CC)CC)I	BCRP_substrate	2157.0	37	289.0	66.0	30.0						
Amitriptyline	CN(C)CCC=C1C2=CC=CC=C2CCC3=CC=CC=C31	BCRP_substrate	2160.0	294									
Amonafide	CN(C)CCN1C(=O)C2=CC=CC3=CC(=CC(=C32)C1=O)N	BCRP_inhibitor	50515.0	214	314.0								
Amoxicillin	CC1(C(N2C(S1)C(C2=O)NC(=O)C(C3=CC=C(C=C3)O)N)C(=O)O)C	BCRP_substrate	33613.0	182									
Amphotericin B	CC1C=CC=CC=CC=CC=CC=CC=CC(CC2C(C(CC(O2)(CC(CC(C(CCC(CC(CC(=O)OC(C(C1O)C)C)O)O)O)O)O)O)O)C(=O)O)OC3C(C(C(C(O3)C)O)N)O	BCRP_inhibitor	5280965.0	246	113.0								
Ampicillin	CC1(C(N2C(S1)C(C2=O)NC(=O)C(C3=CC=CC=C3)N)C(=O)O)C	BCRP_inhibitor	6249.0	201	187.0	31.0	20.0						
Amprenavir	CC(C)CN(CC(C(CC1=CC=CC=C1)NC(=O)OC2CCOC2)O)S(=O)(=O)C3=CC=C(C=C3)N	BCRP_substrate	65016.0	182	76.0								
Amsacrine	COC1=C(C=CC(=C1)NS(=O)(=O)C)NC2=C3C=CC=CC3=NC4=CC=CC=C42	BCRP_substrate	2179.0	34									
Anagrelide	C1C2=C(C=CC(=C2Cl)Cl)N=C3N1CC(=O)N3	BCRP_inhibitor	135409400.0	127									
Androstenedione	CC12CCC(=O)C=C1CCC3C2CCC4(C3CCC4=O)C	BCRP_inhibitor	6128.0	166									
Anidulafungin	CCCCCOC1=CC=C(C=C1)C2=CC=C(C=C2)C3=CC=C(C=C3)C(=O)NC4CC(C(NC(=O)C5C(C(CN5C(=O)C(NC(=O)C(NC(=O)C6CC(CN6C(=O)C(NC4=O)C(C)O)O)C(C(C7=CC=C(C=C7)O)O)O)C(C)O)C)O)O)O	BCRP_inhibitor	166548.0	113									
Antipain	CC(C)C(C(=O)NC(CCCN=C(N)N)C=O)NC(=O)C(CCCN=C(N)N)NC(=O)NC(CC1=CC=CC=C1)C(=O)O	BCRP_inhibitor	37817.0	218									
Apixaban	COC1=CC=C(C=C1)N2C3=C(CCN(C3=O)C4=CC=C(C=C4)N5CCCCC5=O)C(=N2)C(=O)N	BCRP_substrate	10182969.0	76	57.0								
Aprepitant	CC(C1=CC(=CC(=C1)C(F)(F)F)C(F)(F)F)OC2C(N(CCO2)CC3=NNC(=O)N3)C4=CC=C(C=C4)F	BCRP_substrate	135413536.0	107									
Aprotinin	CCC(C)C1C(=O)NC(C(=O)NC(C(=O)NC(C(=O)NC(C(=O)NC(C(=O)NC(C(=O)NC(C(=O)NC(C(=O)NC(C(=O)NCC(=O)NC(C(=O)NC2CSSCC3C(=O)NC(C(=O)NC(C(=O)NC(C(=O)NC(CSSCC(C(=O)NC(C(=O)NC(C(=O)N4CCCC4C(=O)N5CCCC5C(=O)NC(C(=O)NC(C(=O)NCC(=O)N6CCCC6C(=O)NC(CSSCC(C(=O)NC(C(=O)NC(C(=O)NC(C(=O)NC(C(=O)NC(C(=O)NC(C(=O)NC(C(=O)NC(C(=O)NC(C(=O)NC(C(=O)NC(C(=O)NC(C(=O)N3)CC(=O)O)CCC(=O)O)C)CO)CCCCN)CC7=CC=CC=C7)CC(=O)N)CC(=O)N)CCCNC(=N)N)CCCCN)C)CCCNC(=N)N)NC(=O)CNC(=O)CNC(=O)C(NC(=O)C(NC(=O)C(NC(=O)C(NC(=O)C(NC2=O)CCC(=O)N)C(C)O)CC8=CC=CC=C8)C(C)C)CC9=CC=C(C=C9)O)C(=O)NC(C(=O)NC(C(=O)NC(C(=O)N1)CCCNC(=N)N)C)CCCCN)C(C)O)CC1=CC=C(C=C1)O)CCC(=O)O)CC(C)C)NC(=O)C(CC1=CC=CC=C1)NC(=O)C(CC(=O)O)NC(=O)C1CCCN1C(=O)C(CCCNC(=N)N)N)C(=O)NCC(=O)NCC(=O)NC(C)C(=O)O)C(C)O)CCCNC(=N)N)CCSC)CC(C)C)C)CCCCN)C)CC(=O)N)CC1=CC=C(C=C1)O)CC1=CC=CC=C1)CC1=CC=C(C=C1)O)CCCNC(=N)N)C(C)CC	BCRP_inhibitor	22833874.0	199	167.0	69.0							
Artesunate	CC1CCC2C(C(OC3C24C1CCC(O3)(OO4)C)OC(=O)CCC(=O)O)C	BCRP_substrate	6917864.0	292									
Asciminib	C1CN(CC1O)C2=C(C=C(C=N2)C(=O)NC3=CC=C(C=C3)OC(F)(F)Cl)C4=CC=NN4	BCRP_substrate	72165228.0	66									
Aspirin	CC(=O)OC1=CC=CC=C1C(=O)O	BCRP_inhibitor	2244.0	265									
Atazanavir	CC(C)(C)C(C(=O)NC(CC1=CC=CC=C1)C(CN(CC2=CC=C(C=C2)C3=CC=CC=N3)NC(=O)C(C(C)(C)C)NC(=O)OC)O)NC(=O)OC	BCRP_substrate	148192.0	178	86.0	182.0	25.0	26.0					
Atenolol	CC(C)NCC(COC1=CC=C(C=C1)CC(=O)N)O	BCRP_substrate	2249.0	76									
Atorvastatin	CC(C)C1=C(C(=C(N1CCC(CC(CC(=O)O)O)O)C2=CC=C(C=C2)F)C3=CC=CC=C3)C(=O)NC4=CC=CC=C4	BCRP_substrate	60823.0	200	327.0	168.0	237.0	178.0	307.0	104.0	112.0	96.0	93.0
Avapritinib	CC(C1=CC=C(C=C1)F)(C2=CN=C(N=C2)N3CCN(CC3)C4=NC=NN5C4=CC(=C5)C6=CN(N=C6)C)N	BCRP_inhibitor	118023034.0	263	291.0	280.0	281.0	271.0	260.0				
Avidin		BCRP_inhibitor		179	166.0	224.0							
Axitinib	CNC(=O)C1=CC=CC=C1SC2=CC3=C(C=C2)C(=NN3)C=CC4=CC=CC=N4	BCRP_inhibitor	6450551.0	214	247.0	344.0	163.0	316.0					
Azacitidine	C1=NC(=NC(=O)N1C2C(C(C(O2)CO)O)O)N	BCRP_inhibitor	9444.0	313									
Azathioprine	CN1C=NC(=C1SC2=NC=NC3=C2NC=N3)[N+](=O)[O-]	BCRP_inhibitor	2265.0	153	49.0								
Azithromycin	CCC1C(C(C(N(CC(CC(C(C(C(C(C(=O)O1)C)OC2CC(C(C(O2)C)O)(C)OC)C)OC3C(C(CC(O3)C)N(C)C)O)(C)O)C)C)C)O)(C)O	BCRP_inhibitor	447043.0	202	289.0								
Bafetinib	CC1=C(C=C(C=C1)NC(=O)C2=CC(=C(C=C2)CN3CCC(C3)N(C)C)C(F)(F)F)NC4=NC=CC(=N4)C5=CN=CN=C5	BCRP_inhibitor	11387605.0	315	296.0	297.0	290.0	281.0	98.0	299.0	79.0	269.0	
Baicalein	C1=CC=C(C=C1)C2=CC(=O)C3=C(O2)C=C(C(=C3O)O)O	BCRP_substrate	5281605.0	184	239.0	182.0	78.0						
Becatecarin	CCN(CC)CCN1C(=O)C2=C3C4=C(C(=CC=C4)Cl)NC3=C5C(=C2C1=O)C6=C(N5C7C(C(C(C(O7)CO)OC)O)O)C(=CC=C6)Cl	BCRP_substrate	101524.0	345									
Belotecan	CCC1(C2=C(COC1=O)C(=O)N3CC4=C(C5=CC=CC=C5N=C4C3=C2)CCNC(C)C)O	BCRP_substrate	6456014.0	214	344.0								
Benzamidine	C1=CC=C(C=C1)C(=N)N	BCRP_inhibitor	2332.0	189									
Benzbromarone	CCC1=C(C2=CC=CC=C2O1)C(=O)C3=CC(=C(C(=C3)Br)O)Br	BCRP_inhibitor	2333.0	193	242.0	152.0	129.0	288.0	182.0	88.0			
Betulin	CC(=C)C1CCC2(C1C3CCC4C5(CCC(C(C5CCC4(C3(CC2)C)C)(C)C)O)C)CO	BCRP_substrate	72326.0	262									
Bevacizumab		BCRP_inhibitor		343	98.0	270.0							
Bicalutamide	CC(CS(=O)(=O)C1=CC=C(C=C1)F)(C(=O)NC2=CC(=C(C=C2)C#N)C(F)(F)F)O	BCRP_substrate	2375.0	214	345.0	86.0							
Biochanin A	COC1=CC=C(C=C1)C2=COC3=CC(=CC(=C3C2=O)O)O	BCRP_inhibitor	5280373.0	200	184.0	345.0	162.0	239.0	178.0	146.0	84.0	63.0	31.0
Biotin	C1C2C(C(S1)CCCCC(=O)O)NC(=O)N2	BCRP_inhibitor	171548.0	14	15.0	179.0	166.0	180.0	224.0	124.0	50.0		
Biricodar	COC1=CC(=CC(=C1OC)OC)C(=O)C(=O)N2CCCCC2C(=O)OC(CCCC3=CN=CC=C3)CCCC4=CN=CC=C4	BCRP_inhibitor	3037617.0	9	241.0	178.0	182.0	251.0	289.0	81.0	66.0		
Bisantrene	C1CN=C(N1)NN=CC2=C3C=CC=CC3=C(C4=CC=CC=C42)C=NNC5=NCCN5	BCRP_substrate	5351322.0	342	331.0	182.0							
Bisphenol A	CC(C)(C1=CC=C(C=C1)O)C2=CC=C(C=C2)O	BCRP_substrate	6623.0	190	135.0	146.0	105.0	124.0	109.0	95.0	84.0	245.0	42.0
Blonanserin	CCN1CCN(CC1)C2=NC3=C(CCCCCC3)C(=C2)C4=CC=C(C=C4)F	BCRP_substrate	125564.0	118									
Boceprevir	CC1(C2C1C(N(C2)C(=O)C(C(C)(C)C)NC(=O)NC(C)(C)C)C(=O)NC(CC3CCC3)C(=O)C(=O)N)C	BCRP_inhibitor	10324367.0	178	76.0								
Bortezomib	B(C(CC(C)C)NC(=O)C(CC1=CC=CC=C1)NC(=O)C2=NC=CN=C2)(O)O	BCRP_inhibitor	387447.0	292									
Bosutinib	CN1CCN(CC1)CCCOC2=C(C=C3C(=C2)N=CC(=C3NC4=CC(=C(C=C4Cl)Cl)OC)C#N)OC	BCRP_substrate	5328940.0	214	317.0	336.0	344.0	163.0	318.0	3.0			
Brefeldin A	CC1CCCC=CC2CC(CC2C(C=CC(=O)O1)O)O	BCRP_inhibitor	5287620.0	180									
Brimonidine	C1CN=C(N1)NC2=C(C3=NC=CN=C3C=C2)Br	BCRP_substrate	2435.0	202									
Brivanib	CC1=CC2=C(N1)C=CC(=C2F)OC3=NC=NN4C3=C(C(=C4)OCC(C)O)C	BCRP_substrate	11234052.0	232	268.0								
Bufuralol	CCC1=CC=CC2=C1OC(=C2)C(CNC(C)(C)C)O	BCRP_inhibitor	71733.0	63									
Bumetanide	CCCCNC1=C(C(=CC(=C1)C(=O)O)S(=O)(=O)N)OC2=CC=CC=C2	BCRP_substrate	2471.0	26									
Buprenorphine	CC(C)(C)C(C)(C1CC23CCC1(C4C25CCN(C3CC6=C5C(=C(C=C6)O)O4)CC7CC7)OC)O	BCRP_substrate	644073.0	102	95.0	245.0							
Bupropion	CC(C(=O)C1=CC(=CC=C1)Cl)NC(C)(C)C	BCRP_substrate	444.0	124									
Cabazitaxel	CC1=C2C(C(=O)C3(C(CC4C(C3C(C(C2(C)C)(CC1OC(=O)C(C(C5=CC=CC=C5)NC(=O)OC(C)(C)C)O)O)OC(=O)C6=CC=CC=C6)(CO4)OC(=O)C)OC)C)OC	BCRP_substrate	9854073.0	131									
Cabozantinib	COC1=CC2=C(C=CN=C2C=C1OC)OC3=CC=C(C=C3)NC(=O)C4(CC4)C(=O)NC5=CC=C(C=C5)F	BCRP_inhibitor	25102847.0	221	280.0	270.0	269.0	41.0					
Calcipotriol	CC(C=CC(C1CC1)O)C2CCC3C2(CCCC3=CC=C4CC(CC(C4=C)O)O)C	BCRP_substrate	5288783.0	251									
Calcitriol	CC(CCCC(C)(C)O)C1CCC2C1(CCCC2=CC=C3CC(CC(C3=C)O)O)C	BCRP_substrate	5280453.0	251									
Camptothecin	CCC1(C2=C(COC1=O)C(=O)N3CC4=CC5=CC=CC=C5N=C4C3=C2)O	BCRP_substrate	24360.0	215	204.0	333.0	9.0	328.0	187.0	345.0	319.0	321.0	330.0
Canakinumab		BCRP_inhibitor		129									
Canertinib	C=CC(=O)NC1=C(C=C2C(=C1)C(=NC=N2)NC3=CC(=C(C=C3)F)Cl)OCCCN4CCOCC4	BCRP_inhibitor	156414.0	209	197.0	344.0	163.0	178.0	230.0	306.0	290.0	299.0	
Cannabidiol	CCCCCC1=CC(=C(C(=C1)O)C2C=C(CCC2C(=C)C)C)O	BCRP_substrate	644019.0	342	148.0	118.0	45.0						
Cannabigerol	CCCCCC1=CC(=C(C(=C1)O)CC=C(C)CCC=C(C)C)O	BCRP_substrate	5315659.0	45									
Cannabinol	CCCCCC1=CC(=C2C(=C1)OC(C3=C2C=C(C=C3)C)(C)C)O	BCRP_inhibitor	2543.0	342	45.0								
Capecitabine	CCCCCOC(=O)NC1=NC(=O)N(C=C1F)C2C(C(C(O2)C)O)O	BCRP_inhibitor	60953.0	271									
Carbamazepine	C1=CC=C2C(=C1)C=CC3=CC=CC=C3N2C(=O)N	BCRP_substrate	2554.0	182	245.0								
Carboplatin	C1CC(C1)(C(=O)O)C(=O)O.[NH2-].[NH2-].[Pt+2]	BCRP_substrate	426756.0	246	214.0	280.0							
Carnitine	C[N+](C)(C)CC(CC(=O)[O-])O	BCRP_inhibitor	288.0	182	29.0								
Carvedilol	COC1=CC=CC=C1OCCNCC(COC2=CC=CC3=C2C4=CC=CC=C4N3)O	BCRP_inhibitor	2585.0	66									
Caspofungin	CCC(C)CC(C)CCCCCCCCC(=O)NC1CC(C(NC(=O)C2C(CCN2C(=O)C(NC(=O)C(NC(=O)C3CC(CN3C(=O)C(NC1=O)C(C)O)O)C(C(C4=CC=C(C=C4)O)O)O)C(CCN)O)O)NCCN)O	BCRP_inhibitor	2826718.0	113									
Catechin	C1C(C(OC2=CC(=CC(=C21)O)O)C3=CC(=C(C=C3)O)O)O	BCRP_substrate	9064.0	196									
Cediranib	CC1=CC2=C(N1)C=CC(=C2F)OC3=NC=NC4=CC(=C(C=C43)OC)OCCCN5CCCC5	BCRP_inhibitor	9933475.0	250									
Cefadroxil	CC1=C(N2C(C(C2=O)NC(=O)C(C3=CC=C(C=C3)O)N)SC1)C(=O)O	BCRP_substrate	47965.0	182									
Celecoxib	CC1=CC=C(C=C1)C2=CC(=NN2C3=CC=C(C=C3)S(=O)(=O)N)C(F)(F)F	BCRP_substrate	2662.0	234	227.0								
Celiprolol	CCN(CC)C(=O)NC1=CC(=C(C=C1)OCC(CNC(C)(C)C)O)C(=O)C	BCRP_inhibitor	2663.0	168									
Cepharanthine	CN1CCC2=CC3=C(C4=C2C1CC5=CC=C(C=C5)OC6=C(C=CC(=C6)CC7C8=CC(=C(C=C8CCN7C)OC)O4)OC)OCO3	BCRP_substrate	10206.0	343	299.0	269.0							
Ceritinib	CC1=CC(=C(C=C1C2CCNCC2)OC(C)C)NC3=NC=C(C(=N3)NC4=CC=CC=C4S(=O)(=O)C(C)C)Cl	BCRP_inhibitor	57379345.0	309	277.0	232.0	289.0						
Cerivastatin	CC(C)C1=C(C(=C(C(=N1)C(C)C)COC)C2=CC=C(C=C2)F)C=CC(CC(CC(=O)O)O)O	BCRP_substrate	446156.0	182									
Certolizumab		BCRP_inhibitor		153									
Cetuximab		BCRP_inhibitor		312	281.0								
Cetylpyridinium	CCCCCCCCCCCCCCCC[N+]1=CC=CC=C1	BCRP_substrate	2683.0	182									
Chloroform	C(Cl)(Cl)Cl	BCRP_inhibitor	6212.0	167	132.0	126.0							
Chlorophyll A	CCC1=C(C2=NC1=CC3=C(C4=C([N-]3)C(=C5C(C(C(=N5)C=C6C(=C(C(=C2)[N-]6)C=C)C)C)CCC(=O)OCC=C(C)CCCC(C)CCCC(C)CCCC(C)C)C(C4=O)C(=O)OC)C)C.[Mg+2]	BCRP_inhibitor	12085802.0	85									
Chloroquine	CCN(CC)CCCC(C)NC1=C2C=CC(=CC2=NC=C1)Cl	BCRP_inhibitor	2719.0	5	226.0	282.0							
Chlorpromazine	CN(C)CCCN1C2=CC=CC=C2SC3=C1C=C(C=C3)Cl	BCRP_substrate	2726.0	182									
Chymostatin	CC(C)CC(C(=O)NC(CC1=CC=CC=C1)C=O)NC(=O)C(C2CCN=C(N2)N)NC(=O)NC(CC3=CC=CC=C3)C(=O)O	BCRP_inhibitor	443119.0	218									
Cimetidine	CC1=C(N=CN1)CSCCNC(=NC)NC#N	BCRP_substrate	2756.0	21	215.0	200.0	213.0	345.0	174.0	148.0	234.0	163.0	169.0
Ciprofloxacin	C1CC1N2C=C(C(=O)C3=CC(=C(C=C32)N4CCNCC4)F)C(=O)O	BCRP_substrate	2764.0	21	202.0	111.0	314.0	182.0	62.0	245.0	220.0	31.0	28.0
Cisapride	COC1CN(CCC1NC(=O)C2=CC(=C(C=C2OC)N)Cl)CCCOC3=CC=C(C=C3)F	BCRP_inhibitor	6917698.0	110									
Cisplatin	N.N.Cl[Pt]Cl	BCRP_inhibitor	5702198.0	249	246.0	250.0	214.0	322.0	321.0	330.0	151.0	154.0	344.0
Cladribine	C1C(C(OC1N2C=NC3=C(N=C(N=C32)Cl)N)CO)O	BCRP_substrate	20279.0	209	214.0	345.0	25.0						
Clarithromycin	CCC1C(C(C(C(=O)C(CC(C(C(C(C(C(=O)O1)C)OC2CC(C(C(O2)C)O)(C)OC)C)OC3C(C(CC(O3)C)N(C)C)O)(C)OC)C)C)O)(C)O	BCRP_inhibitor	84029.0	182	76.0	37.0	24.0	66.0	30.0				
Clindamycin	CCCC1CC(N(C1)C)C(=O)NC(C2C(C(C(C(O2)SC)O)O)O)C(C)Cl	BCRP_substrate	446598.0	31	20.0								
Clobazam	CN1C(=O)CC(=O)N(C2=C1C=CC(=C2)Cl)C3=CC=CC=C3	BCRP_substrate	2789.0	118									
Clofibrate	CCOC(=O)C(C)(C)OC1=CC=C(C=C1)Cl	BCRP_inhibitor	2796.0	160	126.0	245.0							
Coenzyme A	CC(C)(COP(=O)(O)OP(=O)(O)OCC1C(C(C(O1)N2C=NC3=C(N=CN=C32)N)O)OP(=O)(O)O)C(C(=O)NCCC(=O)NCCS)O	BCRP_substrate	87642.0	160	344.0	87.0	182.0	88.0	99.0	59.0			
Colchicine	CC(=O)NC1CCC2=CC(=C(C(=C2C3=CC=C(C(=O)C=C13)OC)OC)OC)OC	BCRP_substrate	6167.0	263	258.0	204.0	194.0	177.0	159.0	154.0	169.0	314.0	301.0
Conivaptan	CC1=NC2=C(N1)CCN(C3=CC=CC=C32)C(=O)C4=CC=C(C=C4)NC(=O)C5=CC=CC=C5C6=CC=CC=C6	BCRP_inhibitor	151171.0	66									
Copanlisib	COC1=C(C=CC2=C3NCCN3C(=NC(=O)C4=CN=C(N=C4)N)N=C21)OCCCN5CCOCC5	BCRP_inhibitor	135565596.0	66	23.0								
Coproporphyrin I	CC1=C(C2=CC3=NC(=CC4=NC(=CC5=C(C(=C(N5)C=C1N2)CCC(=O)O)C)C(=C4C)CCC(=O)O)C(=C3C)CCC(=O)O)CCC(=O)O	BCRP_substrate	68271.0	24									
Crizotinib	CC(C1=C(C=CC(=C1Cl)F)Cl)OC2=C(N=CC(=C2)C3=CN(N=C3)C4CCNCC4)N	BCRP_inhibitor	11626560.0	163	309.0	232.0	41.0						
Cryptotanshinone	CC1COC2=C1C(=O)C(=O)C3=C2C=CC4=C3CCCC4(C)C	BCRP_substrate	160254.0	46									
Cyclophosphamide	C1CNP(=O)(OC1)N(CCCl)CCCl	BCRP_substrate	2907.0	151	178.0	116.0	274.0						
Cyclosporine	CCC1C(=O)N(CC(=O)N(C(C(=O)NC(C(=O)N(C(C(=O)NC(C(=O)NC(C(=O)N(C(C(=O)N(C(C(=O)N(C(C(=O)N(C(C(=O)N1)C(C(C)CC=CC)O)C)C(C)C)C)CC(C)C)C)CC(C)C)C)C)C)CC(C)C)C)C(C)C)CC(C)C)C)C	BCRP_inhibitor	5284373.0	340	194.0	244.0	214.0	247.0	330.0	149.0	148.0	344.0	241.0
Cypermethrin	CC1(C(C1C(=O)OC(C#N)C2=CC(=CC=C2)OC3=CC=CC=C3)C=C(Cl)Cl)C	BCRP_substrate	2912.0	169	182.0								
Cytarabine	C1=CN(C(=O)N=C1N)C2C(C(C(O2)CO)O)O	BCRP_substrate	6253.0	211	214.0	331.0	336.0	10.0	178.0	230.0	93.0	278.0	326.0
Dabigatran	CN1C2=C(C=C(C=C2)C(=O)N(CCC(=O)O)C3=CC=CC=N3)N=C1CNC4=CC=C(C=C4)C(=N)N	BCRP_inhibitor	216210.0	76	37.0	66.0							
Dacomitinib	COC1=C(C=C2C(=C1)N=CN=C2NC3=CC(=C(C=C3)F)Cl)NC(=O)C=CCN4CCCCC4	BCRP_inhibitor	11511120.0	297	290.0	274.0	281.0	265.0	299.0	81.0			
Dactinomycin	CC1C(C(=O)NC(C(=O)N2CCCC2C(=O)N(CC(=O)N(C(C(=O)O1)C(C)C)C)C)C(C)C)NC(=O)C3=C4C(=C(C=C3)C)OC5=C(C(=O)C(=C(C5=N4)C(=O)NC6C(OC(=O)C(N(C(=O)CN(C(=O)C7CCCN7C(=O)C(NC6=O)C(C)C)C)C)C(C)C)C)N)C	BCRP_inhibitor	457193.0	332									
Daidzein	C1=CC(=CC=C1C2=COC3=C(C2=O)C=CC(=C3)O)O	BCRP_substrate	5281708.0	172	345.0	174.0	159.0	234.0	146.0	203.0	105.0	99.0	245.0
Daidzin	C1=CC(=CC=C1C2=COC3=C(C2=O)C=CC(=C3)OC4C(C(C(C(O4)CO)O)O)O)O	BCRP_substrate	107971.0	146									
Danofloxacin	CN1CC2CC1CN2C3=C(C=C4C(=C3)N(C=C(C4=O)C(=O)O)C5CC5)F	BCRP_inhibitor	71335.0	174	146.0	220.0	28.0						
Dantrolene	C1C(=O)NC(=O)N1N=CC2=CC=C(O2)C3=CC=C(C=C3)[N+](=O)[O-]	BCRP_substrate	6914273.0	240	247.0	234.0							
Danusertib	CN1CCN(CC1)C2=CC=C(C=C2)C(=O)NC3=NNC4=C3CN(C4)C(=O)C(C5=CC=CC=C5)OC	BCRP_inhibitor	11442891.0	214	336.0	178.0	314.0						
Daridorexant	CC1=C(C=CC2=C1N=C(N2)C3(CCCN3C(=O)C4=C(C=CC(=C4)OC)N5N=CC=N5)C)Cl	BCRP_substrate	91801202.0	20									
Darunavir	CC(C)CN(CC(C(CC1=CC=CC=C1)NC(=O)OC2COC3C2CCO3)O)S(=O)(=O)C4=CC=C(C=C4)N	BCRP_inhibitor	213039.0	214	25.0								
Dasatinib	CC1=C(C(=CC=C1)Cl)NC(=O)C2=CN=C(S2)NC3=CC(=NC(=N3)C)N4CCN(CC4)CCO	BCRP_inhibitor	3062316.0	22	263.0	246.0	200.0	190.0	240.0	214.0	167.0	183.0	247.0
Daunorubicin	CC1C(C(CC(O1)OC2CC(CC3=C2C(=C4C(=C3O)C(=O)C5=C(C4=O)C(=CC=C5)OC)O)(C(=O)C)O)N)O	BCRP_substrate	30323.0	22	211.0	215.0	194.0	200.0	338.0	331.0	336.0	344.0	10.0
Dehydroepiandrosterone	CC12CCC3C(C1CCC2=O)CC=C4C3(CCC(C4)O)C	BCRP_substrate	5881.0	337	215.0	195.0	196.0	213.0	167.0	166.0	159.0	344.0	163.0
Delavirdine	CC(C)NC1=C(N=CC=C1)N2CCN(CC2)C(=O)C3=CC4=C(N3)C=CC(=C4)NS(=O)(=O)C	BCRP_inhibitor	5625.0	204	174.0								
Deltamethrin	CC1(C(C1C(=O)OC(C#N)C2=CC(=CC=C2)OC3=CC=CC=C3)C=C(Br)Br)C	BCRP_inhibitor	40585.0	169									
Dexamethasone	CC1CC2C3CCC4=CC(=O)C=CC4(C3(C(CC2(C1(C(=O)CO)O)C)O)F)C	BCRP_substrate	5743.0	207	214.0	150.0	152.0	178.0	126.0	107.0	182.0	95.0	245.0
Dexniguldipine	CC1=C(C(C(=C(N1)C)C(=O)OCCCN2CCC(CC2)(C3=CC=CC=C3)C4=CC=CC=C4)C5=CC(=CC=C5)[N+](=O)[O-])C(=O)OC	BCRP_inhibitor	6918097.0	241	182.0								
Dexverapamil	CC(C)C(CCCN(C)CCC1=CC(=C(C=C1)OC)OC)(C#N)C2=CC(=C(C=C2)OC)OC	BCRP_inhibitor	65808.0	93	182.0	251.0	257.0	289.0	66.0				
Diclofenac	C1=CC=C(C(=C1)CC(=O)O)NC2=C(C=CC=C2Cl)Cl	BCRP_substrate	3033.0	193	345.0	63.0	50.0	35.0	25.0				
Diflomotecan	CCC1(CC(=O)OCC2=C1C=C3C4=C(CN3C2=O)C=C5C=C(C(=CC5=N4)F)F)O	BCRP_substrate	219023.0	9	200.0	207.0	345.0	317.0	344.0	163.0	237.0	178.0	182.0
Digoxin	CC1C(C(CC(O1)OC2C(OC(CC2O)OC3C(OC(CC3O)OC4CCC5(C(C4)CCC6C5CC(C7(C6(CCC7C8=CC(=O)OC8)O)C)O)C)C)C)O)O	BCRP_substrate	2724385.0	21	192.0	207.0	247.0	316.0	152.0	169.0	141.0	113.0	314.0
Dihydrotestosterone	CC12CCC(=O)CC1CCC3C2CCC4(C3CCC4O)C	BCRP_substrate	10635.0	243	344.0	239.0							
Diltiazem	CC(=O)OC1C(SC2=CC=CC=C2N(C1=O)CCN(C)C)C3=CC=C(C=C3)OC	BCRP_substrate	39186.0	182	76.0	66.0							
Dinaciclib	CCC1=C2N=C(C=C(N2N=C1)NCC3=C[N+](=CC=C3)[O-])N4CCCCC4CCO	BCRP_inhibitor	46926350.0	232									
Dipyridamole	C1CCN(CC1)C2=NC(=NC3=C2N=C(N=C3N4CCCCC4)N(CCO)CCO)N(CCO)CCO	BCRP_inhibitor	3108.0	215	200.0	213.0	345.0	161.0	234.0	133.0	141.0	178.0	146.0
Disopyramide	CC(C)N(CCC(C1=CC=CC=C1)(C2=CC=CC=N2)C(=O)N)C(C)C	BCRP_inhibitor	3114.0	66									
Disulfiram	CCN(CC)C(=S)SSC(=S)N(CC)CC	BCRP_substrate	3117.0	340	335.0	296.0							
Docetaxel	CC1=C2C(C(=O)C3(C(CC4C(C3C(C(C2(C)C)(CC1OC(=O)C(C(C5=CC=CC=C5)NC(=O)OC(C)(C)C)O)O)OC(=O)C6=CC=CC=C6)(CO4)OC(=O)C)O)C)O	BCRP_substrate	148124.0	340	343.0	214.0	344.0	130.0	131.0	301.0	107.0	182.0	85.0
Docusate	CCCCC(CC)COC(=O)CC(C(=O)OCC(CC)CCCC)S(=O)(=O)O	BCRP_inhibitor	11339.0	69									
Dofequidar	C1CN(CCN1CC(COC2=CC=CC3=C2C=CC=N3)O)C(=O)C(C4=CC=CC=C4)C5=CC=CC=C5	BCRP_inhibitor	213040.0	214	310.0	163.0	289.0	66.0					
Dofetilide	CN(CCC1=CC=C(C=C1)NS(=O)(=O)C)CCOC2=CC=C(C=C2)NS(=O)(=O)C	BCRP_inhibitor	71329.0	66									
Dopamine	C1=CC(=C(C=C1CCN)O)O	BCRP_substrate	681.0	124	254.0								
Doxazosin	COC1=C(C=C2C(=C1)C(=NC(=N2)N3CCN(CC3)C(=O)C4COC5=CC=CC=C5O4)N)OC	BCRP_inhibitor	3157.0	171									
Doxepin	CN(C)CCC=C1C2=CC=CC=C2COC3=CC=CC=C31	BCRP_substrate	667477.0	182									
Doxorubicin	CC1C(C(CC(O1)OC2CC(CC3=C2C(=C4C(=C3O)C(=O)C5=C(C4=O)C(=CC=C5)OC)O)(C(=O)CO)O)N)O	BCRP_substrate	31703.0	18	341.0	342.0	209.0	339.0	215.0	340.0	201.0	199.0	343.0
Doxycycline	CC1C2C(C3C(C(=O)C(=C(C3(C(=O)C2=C(C4=C1C=CC=C4O)O)O)O)C(=O)N)N(C)C)O	BCRP_inhibitor	54671203.0	314	56.0								
Dronedarone	CCCCC1=C(C2=C(O1)C=CC(=C2)NS(=O)(=O)C)C(=O)C3=CC=C(C=C3)OCCCN(CCCC)CCCC	BCRP_substrate	208898.0	30									
Edoxaban	CN1CCC2=C(C1)SC(=N2)C(=O)NC3CC(CCC3NC(=O)C(=O)NC4=NC=C(C=C4)Cl)C(=O)N(C)C	BCRP_inhibitor	10280735.0	66									
Efavirenz	C1CC1C#CC2(C3=C(C=CC(=C3)Cl)NC(=O)O2)C(F)(F)F	BCRP_substrate	64139.0	97	182.0								
Elacridar	COC1=CC=CC2=C1NC3=C(C2=O)C=CC=C3C(=O)NC4=CC=C(C=C4)CCN5CCC6=CC(=C(C=C6C5)OC)OC	BCRP_inhibitor	119373.0	22	18.0	209.0	246.0	242.0	214.0	345.0	167.0	174.0	247.0
Ellipticine	CC1=C2C=CN=CC2=C(C3=C1NC4=CC=CC=C43)C	BCRP_inhibitor	3213.0	182									
Eltrombopag	CC1=C(C=C(C=C1)N2C(=O)C(=C(N2)C)N=NC3=CC=CC(=C3O)C4=CC(=CC=C4)C(=O)O)C	BCRP_substrate	135449332.0	178	96.0	99.0	69.0	49.0	24.0				
Emtricitabine	C1C(OC(S1)CO)N2C=C(C(=NC2=O)N)F	BCRP_inhibitor	60877.0	97	86.0	95.0							
Enalapril	CCOC(=O)C(CCC1=CC=CC=C1)NC(C)C(=O)N2CCCC2C(=O)O	BCRP_substrate	5388962.0	26									
Encorafenib	CC(C)N1C=C(C(=N1)C2=C(C(=CC(=C2)Cl)NS(=O)(=O)C)F)C3=NC(=NC=C3)NCC(C)NC(=O)OC	BCRP_inhibitor	50922675.0	271									
Enoxaparin	CC(=O)NC1C(C(C(OC1O)COS(=O)(=O)O)OC2C(C(C(C(O2)C(=O)O)OC3C(C(C(C(O3)CO)OC4C(C(C(C(O4)C(=O)O)O)O)OS(=O)(=O)O)OS(=O)(=O)O)NS(=O)(=O)O)O)OS(=O)(=O)O)O	BCRP_substrate	772.0	76									
Enrofloxacin	CCN1CCN(CC1)C2=C(C=C3C(=C2)N(C=C(C3=O)C(=O)O)C4CC4)F	BCRP_substrate	71188.0	345	117.0	114.0	220.0	289.0	31.0	20.0			
Ensartinib	CC1CN(CC(N1)C)C(=O)C2=CC=C(C=C2)NC(=O)C3=NN=C(C(=C3)OC(C)C4=C(C=CC(=C4Cl)F)Cl)N	BCRP_substrate	56960363.0	232	268.0								
Entacapone	CCN(CC)C(=O)C(=CC1=CC(=C(C(=C1)O)O)[N+](=O)[O-])C#N	BCRP_substrate	5281081.0	112									
Entecavir	C=C1C(CC(C1CO)O)N2C=NC3=C2N=C(NC3=O)N	BCRP_substrate	135398508.0	84									
Entospletinib	C1COCCN1C2=CC=C(C=C2)NC3=NC(=CN4C3=NC=C4)C5=CC6=C(C=C5)C=NN6	BCRP_substrate	59473233.0	270									
Entrectinib	CN1CCN(CC1)C2=CC(=C(C=C2)C(=O)NC3=NNC4=C3C=C(C=C4)CC5=CC(=CC(=C5)F)F)NC6CCOCC6	BCRP_inhibitor	25141092.0	268									
Enzalutamide	CC1(C(=O)N(C(=S)N1C2=CC(=C(C=C2)C(=O)NC)F)C3=CC(=C(C=C3)C#N)C(F)(F)F)C	BCRP_inhibitor	15951529.0	57	27.0								
Epicatechin	C1C(C(OC2=CC(=CC(=C21)O)O)C3=CC(=C(C=C3)O)O)O	BCRP_substrate	72276.0	196									
Epigallocatechin	C1C(C(OC2=CC(=CC(=C21)O)O)C3=CC(=C(C(=C3)O)O)O)O	BCRP_substrate	72277.0	196	219.0	280.0							
Epirubicin	CC1C(C(CC(O1)OC2CC(CC3=C2C(=C4C(=C3O)C(=O)C5=C(C4=O)C(=CC=C5)OC)O)(C(=O)CO)O)N)O	BCRP_substrate	41867.0	214	161.0	344.0	178.0	106.0	107.0	58.0	53.0	26.0	
Eprosartan	CCCCC1=NC=C(N1CC2=CC=C(C=C2)C(=O)O)C=C(CC3=CC=CS3)C(=O)O	BCRP_inhibitor	5281037.0	315									
Equol	C1C(COC2=C1C=CC(=C2)O)C3=CC=C(C=C3)O	BCRP_inhibitor	91469.0	245									
Erdafitinib	CC(C)NCCN(C1=CC2=NC(=CN=C2C=C1)C3=CN(N=C3)C)C4=CC(=CC(=C4)OC)OC	BCRP_inhibitor	67462786.0	281	272.0	271.0	262.0						
Erlotinib	COCCOC1=C(C=C2C(=C1)C(=NC=N2)NC3=CC=CC(=C3)C#C)OCCOC	BCRP_inhibitor	176870.0	263	258.0	209.0	215.0	204.0	343.0	197.0	246.0	200.0	250.0
Erythromycin	CCC1C(C(C(C(=O)C(CC(C(C(C(C(C(=O)O1)C)OC2CC(C(C(O2)C)O)(C)OC)C)OC3C(C(CC(O3)C)N(C)C)O)(C)O)C)C)O)(C)O	BCRP_inhibitor	12560.0	345	202.0	109.0	182.0	289.0	66.0				
Estramustine	CC12CCC3C(C1CCC2O)CCC4=C3C=CC(=C4)OC(=O)N(CCCl)CCCl	BCRP_inhibitor	259331.0	344									
Ethidium	CC[N+]1=C2C=C(C=CC2=C3C=CC(=CC3=C1C4=CC=CC=C4)N)N	BCRP_inhibitor	3624.0	199	186.0								
Ethinylestradiol	CC12CCC3C(C1CCC2(C#C)O)CCC4=C3C=CC(=C4)O	BCRP_substrate	5991.0	345	152.0	156.0	84.0	245.0	42.0				
Ethylenediamine	C(CN)N	BCRP_inhibitor	3301.0	84									
Etoposide	CC1OCC2C(O1)C(C(C(O2)OC3C4COC(=O)C4C(C5=CC6=C(C=C35)OCO6)C7=CC(=C(C(=C7)OC)O)OC)O)O	BCRP_substrate	36462.0	211	339.0	9.0	193.0	338.0	214.0	345.0	165.0	7.0	162.0
Etravirine	CC1=CC(=CC(=C1OC2=NC(=NC(=C2Br)N)NC3=CC=C(C=C3)C#N)C)C#N	BCRP_substrate	193962.0	95									
Everolimus	CC1CCC2CC(C(=CC=CC=CC(CC(C(=O)C(C(C(=CC(C(=O)CC(OC(=O)C3CCCCN3C(=O)C(=O)C1(O2)O)C(C)CC4CCC(C(C4)OC)OCCO)C)C)O)OC)C)C)C)OC	BCRP_inhibitor	6442177.0	247									
Ezetimibe	C1=CC(=CC=C1C2C(C(=O)N2C3=CC=C(C=C3)F)CCC(C4=CC=C(C=C4)F)O)O	BCRP_substrate	150311.0	239	83.0	52.0							
Famotidine	C1=C(N=C(S1)N=C(N)N)CSCCC(=NS(=O)(=O)N)N	BCRP_substrate	5702160.0	76									
Febuxostat	CC1=C(SC(=N1)C2=CC(=C(C=C2)OCC(C)C)C#N)C(=O)O	BCRP_substrate	134018.0	129	76.0	6.0	49.0	44.0	261.0	20.0			
Felbamate	C1=CC=C(C=C1)C(COC(=O)N)COC(=O)N	BCRP_substrate	3331.0	182									
Fexofenadine	CC(C)(C1=CC=C(C=C1)C(CCCN2CCC(CC2)C(C3=CC=CC=C3)(C4=CC=CC=C4)O)O)C(=O)O	BCRP_inhibitor	3348.0	21	168.0	315.0	66.0						
Figitumumab		BCRP_inhibitor		222									
Finerenone	CCOC1=NC=C(C2=C1C(C(=C(N2)C)C(=O)N)C3=C(C=C(C=C3)C#N)OC)C	BCRP_substrate	60150535.0	24									
Florfenicol	CS(=O)(=O)C1=CC=C(C=C1)C(C(CF)NC(=O)C(Cl)Cl)O	BCRP_inhibitor	114811.0	31	20.0								
Fluconazole	C1=CC(=C(C=C1F)F)C(CN2C=NC=N2)(CN3C=NC=N3)O	BCRP_inhibitor	3365.0	113	112.0	30.0							
Fludarabine	C1=NC2=C(N=C(N=C2N1C3C(C(C(O3)CO)O)O)F)N	BCRP_inhibitor	657237.0	214	345.0								
Flunarizine	C1CN(CCN1CC=CC2=CC=CC=C2)C(C3=CC=C(C=C3)F)C4=CC=C(C=C4)F	BCRP_inhibitor	941361.0	110									
Flunixin	CC1=C(C=CC=C1NC2=C(C=CC=N2)C(=O)O)C(F)(F)F	BCRP_substrate	38081.0	28									
Fluorouracil	C1=C(C(=O)NC(=O)N1)F	BCRP_substrate	3385.0	16	214.0	345.0	154.0	140.0	178.0	131.0	107.0	99.0	219.0
Flutamide	CC(C)C(=O)NC1=CC(=C(C=C1)[N+](=O)[O-])C(F)(F)F	BCRP_substrate	3397.0	215	213.0								
Fluvastatin	CC(C)N1C2=CC=CC=C2C(=C1C=CC(CC(CC(=O)O)O)O)C3=CC=C(C=C3)F	BCRP_substrate	446155.0	200	207.0	237.0	178.0	51.0	25.0				
Fluvoxamine	COCCCCC(=NOCCN)C1=CC=C(C=C1)C(F)(F)F	BCRP_inhibitor	5324346.0	66									
Folate	C1=CC(=CC=C1C(=O)NC(CCC(=O)O)C(=O)O)NCC2=CN=C3C(=N2)C(=O)NC(=N3)N	BCRP_substrate	135398658.0	337	209.0	197.0	9.0	332.0	327.0	179.0	214.0	164.0	165.0
Fosamprenavir	CC(C)CN(CC(C(CC1=CC=CC=C1)NC(=O)OC2CCOC2)OP(=O)(O)O)S(=O)(=O)C3=CC=C(C=C3)N	BCRP_substrate	131536.0	26									
Fostamatinib	CC1(C(=O)N(C2=C(O1)C=CC(=N2)NC3=NC(=NC=C3F)NC4=CC(=C(C(=C4)OC)OC)OC)COP(=O)(O)O)C	BCRP_substrate	11671467.0	99									
Furosemide	C1=COC(=C1)CNC2=CC(=C(C=C2C(=O)O)S(=O)(=O)N)Cl	BCRP_inhibitor	3440.0	52	57.0	27.0	26.0						
Gabapentin	C1CCC(CC1)(CC(=O)O)CN	BCRP_substrate	3446.0	182									
Galantamine	CN1CCC23C=CC(CC2OC4=C(C=CC(=C34)C1)OC)O	BCRP_substrate	9651.0	289									
Galunisertib	CC1=NC(=CC=C1)C2=NN3CCCC3=C2C4=C5C=C(C=CC5=NC=C4)C(=O)N	BCRP_substrate	10090485.0	263									
Ganciclovir	C1=NC2=C(N1COC(CO)CO)N=C(NC2=O)N	BCRP_substrate	135398740.0	44									
Gedatolisib	CN(C)C1CCN(CC1)C(=O)C2=CC=C(C=C2)NC(=O)NC3=CC=C(C=C3)C4=NC(=NC(=N4)N5CCOCC5)N6CCOCC6	BCRP_inhibitor	44516953.0	268									
Gefitinib	COC1=C(C=C2C(=C1)N=CN=C2NC3=CC(=C(C=C3)F)Cl)OCCCN4CCOCC4	BCRP_substrate	123631.0	263	209.0	204.0	343.0	197.0	333.0	200.0	250.0	179.0	240.0
Gemcitabine	C1=CN(C(=O)N=C1N)C2C(C(C(O2)CO)O)(F)F	BCRP_substrate	60750.0	340	199.0	343.0	197.0	246.0	214.0	331.0	301.0	280.0	271.0
Gemfibrozil	CC1=CC(=C(C=C1)C)OCCCC(C)(C)C(=O)O	BCRP_substrate	3463.0	207	153.0	87.0	88.0	24.0					
Geneticin	CC(C1C(C(C(C(O1)OC2C(CC(C(C2O)OC3C(C(C(CO3)(C)O)NC)O)N)N)N)O)O)O	BCRP_inhibitor	123865.0	189	187.0	5.0	51.0						
Gentamicin	CC(C1CCC(C(O1)OC2C(CC(C(C2O)OC3C(C(C(CO3)(C)O)NC)O)N)N)N)NC	BCRP_inhibitor	3467.0	172	136.0	125.0	268.0						
Ginsenosides	CC(=CCCC(C)(C1CCC2(C1CCC3C2(CCC4C3(CCC(C4(C)C)O)C)C)C)O)C	BCRP_substrate	3086007.0	63									
Glesatinib	COCCNCC1=CN=C(C=C1)C2=CC3=NC=CC(=C3S2)OC4=C(C=C(C=C4)NC(=S)NC(=O)CC5=CC=C(C=C5)F)F	BCRP_inhibitor	25181472.0	281									
Gliclazide	CC1=CC=C(C=C1)S(=O)(=O)NC(=O)NN2CC3CCCC3C2	BCRP_inhibitor	3475.0	182									
Glutamine	C(CC(=O)N)C(C(=O)O)N	BCRP_inhibitor	5961.0	209	189.0	177.0	152.0	136.0	230.0	126.0	314.0	97.0	93.0
Glyburide	COC1=C(C=C(C=C1)Cl)C(=O)NCCC2=CC=C(C=C2)S(=O)(=O)NC(=O)NC3CCCCC3	BCRP_substrate	3488.0	21	215.0	201.0	200.0	189.0	213.0	345.0	174.0	160.0	154.0
Gramicidin	CC(C)CC(C(=O)NC(C)C(=O)NC(C(C)C)C(=O)NC(C(C)C)C(=O)NC(C(C)C)C(=O)NC(CC1=CNC2=CC=CC=C21)C(=O)NC(CC(C)C)C(=O)NC(CC3=CNC4=CC=CC=C43)C(=O)NC(CC(C)C)C(=O)NC(CC5=CNC6=CC=CC=C65)C(=O)NC(CC(C)C)C(=O)NC(CC7=CNC8=CC=CC=C87)C(=O)NCCO)NC(=O)C(C)NC(=O)CNC(=O)C(C(C)C)NC=O	BCRP_substrate	16130140.0	308	182.0	77.0	80.0						
Grepafloxacin	CC1CN(CCN1)C2=C(C(=C3C(=C2)N(C=C(C3=O)C(=O)O)C4CC4)C)F	BCRP_substrate	72474.0	172	242.0	202.0	182.0						
Haloperidol	C1CN(CCC1(C2=CC=C(C=C2)Cl)O)CCCC(=O)C3=CC=C(C=C3)F	BCRP_substrate	3559.0	118									
Hematoxylin	C1C2=CC(=C(C=C2C3C1(COC4=C3C=CC(=C4O)O)O)O)O	BCRP_inhibitor	442514.0	18	192.0	111.0	224.0	67.0	58.0	94.0	29.0		
Hesperetin	COC1=C(C=C(C=C1)C2CC(=O)C3=C(C=C(C=C3O2)O)O)O	BCRP_substrate	72281.0	195	196.0	345.0	99.0						
Homocysteine	C(CS)C(C(=O)O)N	BCRP_substrate	91552.0	51									
Horseradish		BCRP_inhibitor		337	199.0	191.0	189.0	190.0	240.0	164.0	165.0	154.0	133.0
Hydrochlorothiazide	C1NC2=CC(=C(C=C2S(=O)(=O)N1)S(=O)(=O)N)Cl	BCRP_substrate	3639.0	242									
Hydrocortisone	CC12CCC(=O)C=C1CCC3C2C(CC4(C3CCC4(C(=O)CO)O)C)O	BCRP_substrate	5754.0	182									
Hydroquinone	C1=CC(=CC=C1O)O	BCRP_inhibitor	785.0	182									
Hydroxychloroquine	CCN(CCCC(C)NC1=C2C=CC(=CC2=NC=C1)Cl)CCO	BCRP_inhibitor	3652.0	5									
Hygromycin B	CNC1CC(C(C(C1O)OC2C3C(C(C(O2)CO)O)OC4(O3)C(C(C(C(O4)C(CO)N)O)O)O)O)N	BCRP_inhibitor	56928061.0	189	177.0								
Hyperforin	CC(C)C(=O)C12C(=O)C(=C(C(C1=O)(CC(C2(C)CCC=C(C)C)CC=C(C)C)CC=C(C)C)O)CC=C(C)C	BCRP_inhibitor	441298.0	245									
Ibrutinib	C=CC(=O)N1CCCC(C1)N2C3=NC=NC(=C3C(=N2)C4=CC=C(C=C4)OC5=CC=CC=C5)N	BCRP_inhibitor	24821094.0	315	290.0	299.0	57.0	271.0					
Icariin	CC1C(C(C(C(O1)OC2=C(OC3=C(C2=O)C(=CC(=C3CC=C(C)C)OC4C(C(C(C(O4)CO)O)O)O)O)C5=CC=C(C=C5)OC)O)O)O	BCRP_substrate	5318997.0	294									
Icaritin	CC(=CCC1=C2C(=C(C=C1O)O)C(=O)C(=C(O2)C3=CC=C(C=C3)OC)O)C	BCRP_substrate	5318980.0	294									
Icotinib	C#CC1=CC(=CC=C1)NC2=NC=NC3=CC4=C(C=C32)OCCOCCOCCO4	BCRP_inhibitor	22024915.0	315									
Idarubicin	CC1C(C(CC(O1)OC2CC(CC3=C2C(=C4C(=C3O)C(=O)C5=CC=CC=C5C4=O)O)(C(=O)C)O)N)O	BCRP_substrate	42890.0	211	336.0	66.0							
Idelalisib	CCC(C1=NC2=C(C(=CC=C2)F)C(=O)N1C3=CC=CC=C3)NC4=NC=NC5=C4NC=N5	BCRP_inhibitor	11625818.0	270									
Ifenprodil	CC(C(C1=CC=C(C=C1)O)O)N2CCC(CC2)CC3=CC=CC=C3	BCRP_substrate	3689.0	182	245.0								
Imatinib	CC1=C(C=C(C=C1)NC(=O)C2=CC=C(C=C2)CN3CCN(CC3)C)NC4=NC=CC(=N4)C5=CN=CC=C5	BCRP_substrate	5291.0	22	263.0	18.0	209.0	215.0	204.0	343.0	197.0	194.0	9.0
Imexon	C1C2N1C(=O)N=C2N	BCRP_inhibitor	68791.0	181									
Imidacloprid	C1CN(C(=N[N+](=O)[O-])N1)CC2=CN=C(C=C2)Cl	BCRP_inhibitor	86287518.0	169									
Indinavir	CC(C)(C)NC(=O)C1CN(CCN1CC(CC(CC2=CC=CC=C2)C(=O)NC3C(CC4=CC=CC=C34)O)O)CC5=CN=CC=C5	BCRP_substrate	5362440.0	239	109.0	182.0							
Indomethacin	CC1=C(C2=C(N1C(=O)C3=CC=C(C=C3)Cl)C=CC(=C2)OC)CC(=O)O	BCRP_inhibitor	3715.0	215	204.0	195.0	234.0	227.0	85.0	88.0	56.0		
Infliximab		BCRP_inhibitor		153									
Ipriflavone	CC(C)OC1=CC2=C(C=C1)C(=O)C(=CO2)C3=CC=CC=C3	BCRP_substrate	3747.0	63									
Irinotecan	CCC1=C2CN3C(=CC4=C(C3=O)COC(=O)C4(CC)O)C2=NC5=C1C=C(C=C5)OC(=O)N6CCC(CC6)N7CCCCC7	BCRP_substrate	60838.0	22	263.0	215.0	343.0	9.0	329.0	200.0	171.0	214.0	322.0
Isavuconazole	CC(C1=NC(=CS1)C2=CC=C(C=C2)C#N)C(CN3C=NC=N3)(C4=C(C=CC(=C4)F)F)O	BCRP_inhibitor	6918485.0	113									
Isoflurane	C(C(F)(F)F)(OC(F)F)Cl	BCRP_inhibitor	3763.0	16	228.0	118.0							
Isorhamnetin	COC1=C(C=CC(=C1)C2=C(C(=O)C3=C(C=C(C=C3O2)O)O)O)O	BCRP_inhibitor	5281654.0	63									
Itraconazole	CCC(C)N1C(=O)N(C=N1)C2=CC=C(C=C2)N3CCN(CC3)C4=CC=C(C=C4)OCC5COC(O5)(CN6C=NC=N6)C7=C(C=C(C=C7)Cl)Cl	BCRP_inhibitor	55283.0	113	182.0	57.0	66.0	30.0					
Ivermectin	CCC(C)C1C(CCC2(O1)CC3CC(O2)CC=C(C(C(C=CC=C4COC5C4(C(C=C(C5O)C)C(=O)O3)O)C)OC6CC(C(C(O6)C)OC7CC(C(C(O7)C)O)OC)OC)C)C	BCRP_substrate	6321424.0	21	174.0	169.0	146.0	182.0	220.0	28.0	66.0	20.0	
Ketamine	CNC1(CCCCC1=O)C2=CC=CC=C2Cl	BCRP_inhibitor	3821.0	246									
Ketoconazole	CC(=O)N1CCN(CC1)C2=CC=C(C=C2)OCC3COC(O3)(CN4C=CN=C4)C5=C(C=C(C=C5)Cl)Cl	BCRP_inhibitor	456201.0	153	314.0	182.0	245.0	232.0	76.0	66.0	30.0	23.0	20.0
Ketoprofen	CC(C1=CC(=CC=C1)C(=O)C2=CC=CC=C2)C(=O)O	BCRP_inhibitor	3825.0	242									
Lactoferrin	CCC(C)C(C(=NC(C(C)O)C(=NC(CS)C(=NC(C(C)C)C(=NC(CCCNC(=N)N)C(=NC(CCCNC(=N)N)C(=NC(C)C(=NC(CC1=CC=CC=C1)C(=O)O)O)O)O)O)O)O)O)N=C(C(CO)N=C(C2CCCN2C(=O)C(C)N=C(CN=C(C(CC(C)C)N=C(C(CCCCN)N=C(C(CCCCN)N=C(C(CCSC)N=C(C(CCCNC(=N)N)N=C(C(CC3=CNC4=CC=CC=C43)N=C(C(CCC(=N)O)N=C(C(CC5=CNC6=CC=CC=C65)N=C(C(CCCNC(=N)N)N=C(C(CCCNC(=N)N)N=C(C(CS)N=C(C(CCCCN)N=C(C(CC7=CC=CC=C7)N)O)O)O)O)O)O)O)O)O)O)O)O)O)O)O)O	BCRP_substrate	126456119.0	167									
Lamivudine	C1C(OC(S1)CO)N2C=CC(=NC2=O)N	BCRP_substrate	60825.0	215	345.0	178.0	127.0	97.0	95.0	71.0	55.0	33.0	
Lamotrigine	C1=CC(=C(C(=C1)Cl)Cl)C2=C(N=C(N=N2)N)N	BCRP_substrate	3878.0	16	118.0	112.0	182.0	55.0					
Laniquidar	COC(=O)C1=CN=C2N1CCC3=CC=CC=C3C2=C4CCN(CC4)CCC5=CC=C(C=C5)OCC6=NC7=CC=CC=C7C=C6	BCRP_inhibitor	6450806.0	241	182.0	278.0							
Lansoprazole	CC1=C(C=CN=C1CS(=O)C2=NC3=CC=CC=C3N2)OCC(F)(F)F	BCRP_inhibitor	3883.0	178									
Lapatinib	CS(=O)(=O)CCNCC1=CC=C(O1)C2=CC3=C(C=C2)N=CN=C3NC4=CC(=C(C=C4)OCC5=CC(=CC=C5)F)Cl	BCRP_inhibitor	208908.0	263	343.0	246.0	200.0	250.0	190.0	240.0	214.0	345.0	167.0
Larotrectinib	C1CC(N(C1)C2=NC3=C(C=NN3C=C2)NC(=O)N4CCC(C4)O)C5=C(C=CC(=C5)F)F	BCRP_inhibitor	46188928.0	41									
Lasalocid	CCC(C1C(CC(O1)(CC)C2CCC(C(O2)C)(CC)O)C)C(=O)C(C)C(C(C)CCC3=C(C(=C(C=C3)C)O)C(=O)O)O	BCRP_inhibitor	5360807.0	241									
Leflunomide	CC1=C(C=NO1)C(=O)NC2=CC=C(C=C2)C(F)(F)F	BCRP_substrate	3899.0	345	178.0	226.0	245.0						
Lenalidomide	C1CC(=O)NC(=O)C1N2CC3=C(C2=O)C=CC=C3N	BCRP_substrate	216326.0	214									
Lenvatinib	COC1=CC2=NC=CC(=C2C=C1C(=O)N)OC3=CC(=C(C=C3)NC(=O)NC4CC4)Cl	BCRP_inhibitor	9823820.0	23									
Leptin	CC(C)CC(C(=NC(CCC(=N)O)C(=NCC(=NC(CO)C(=NC(CC(C)C)C(=NC(CCC(=N)O)C(=NC(CC(=O)O)C(=NC(CCSC)C(=NC(CC(C)C)C(=NC(CC1=CNC2=CC=CC=C21)C(=NC(CCC(=N)O)C(=NC(CC(C)C)C(=NC(CC(=O)O)C(=NC(CC(C)C)C(=NC(CO)C(=O)N3CCCC3C(=NCC(=NC(CS)C(=O)O)O)O)O)O)O)O)O)O)O)O)O)O)O)O)O)O)N	BCRP_inhibitor	157010069.0	166									
Lesinurad	C1CC1C2=CC=C(C3=CC=CC=C23)N4C(=NN=C4Br)SCC(=O)O	BCRP_inhibitor	53465279.0	129	93.0								
Lestaurtinib	CC12C(CC(O1)N3C4=CC=CC=C4C5=C6C(=C7C8=CC=CC=C8N2C7=C53)CNC6=O)(CO)O	BCRP_inhibitor	126565.0	336									
Leucovorin	C1C(N(C2=C(N1)N=C(NC2=O)N)C=O)CNC3=CC=C(C=C3)C(=O)NC(CCC(=O)O)C(=O)O	BCRP_inhibitor	135403648.0	197									
Leupeptin	CC(C)CC(C(=O)NC(CC(C)C)C(=O)NC(CCCN=C(N)N)C=O)NC(=O)C	BCRP_inhibitor	72429.0	199	218.0	69.0							
Levofloxacin	CC1COC2=C3N1C=C(C(=O)C3=CC(=C2N4CCN(CC4)C)F)C(=O)O	BCRP_substrate	149096.0	172	87.0	182.0							
Linsitinib	CC1(CC(C1)C2=NC(=C3N2C=CN=C3N)C4=CC5=C(C=C4)C=CC(=N5)C6=CC=CC=C6)O	BCRP_substrate	11640390.0	302									
Loperamide	CN(C)C(=O)C(CCN1CCC(CC1)(C2=CC=C(C=C2)Cl)O)(C3=CC=CC=C3)C4=CC=CC=C4	BCRP_substrate	3955.0	183	149.0	152.0	125.0	117.0	228.0	314.0	35.0	66.0	
Lopinavir	CC1=C(C(=CC=C1)C)OCC(=O)NC(CC2=CC=CC=C2)C(CC(CC3=CC=CC=C3)NC(=O)C(C(C)C)N4CCCNC4=O)O	BCRP_inhibitor	92727.0	204	207.0	174.0	178.0	86.0	95.0	25.0			
Loratadine	CCOC(=O)N1CCC(=C2C3=C(CCC4=C2N=CC=C4)C=C(C=C3)Cl)CC1	BCRP_substrate	3957.0	148									
Losartan	CCCCC1=NC(=C(N1CC2=CC=C(C=C2)C3=CC=CC=C3C4=NNN=N4)CO)Cl	BCRP_substrate	3961.0	182									
Lovastatin	CCC(C)C(=O)OC1CC(C=C2C1C(C(C=C2)C)CCC3CC(CC(=O)O3)O)C	BCRP_substrate	53232.0	316	93.0	182.0							
Loxapine	CN1CCN(CC1)C2=NC3=CC=CC=C3OC4=C2C=C(C=C4)Cl	BCRP_inhibitor	3964.0	241									
Maltitol	C(C1C(C(C(C(O1)OC(C(CO)O)C(C(CO)O)O)O)O)O)O	BCRP_inhibitor	493591.0	168									
Mangostin	CC(=CCC1=C(C2=C(C=C1O)OC3=C(C2=O)C(=C(C(=C3)O)OC)CC=C(C)C)O)C	BCRP_substrate	5281650.0	305									
Maraviroc	CC1=NN=C(N1C2CC3CCC(C2)N3CCC(C4=CC=CC=C4)NC(=O)C5CCC(CC5)(F)F)C(C)C	BCRP_substrate	3002977.0	182									
Marbofloxacin	CN1CCN(CC1)C2=C(C=C3C4=C2OCN(N4C=C(C3=O)C(=O)O)C)F	BCRP_substrate	60651.0	31									
Masitinib	CC1=C(C=C(C=C1)NC(=O)C2=CC=C(C=C2)CN3CCN(CC3)C)NC4=NC(=CS4)C5=CN=CC=C5	BCRP_substrate	10074640.0	309	302.0								
Melatonin	CC(=O)NCCC1=CNC2=C1C=C(C=C2)OC	BCRP_substrate	896.0	313	99.0								
Meloxicam	CC1=CN=C(S1)NC(=O)C2=C(C3=CC=CC=C3S(=O)(=O)N2C)O	BCRP_substrate	54677470.0	28									
Melphalan	C1=CC(=CC=C1CC(C(=O)O)N)N(CCCl)CCCl	BCRP_inhibitor	460612.0	315									
Mercaptoethanol	C(CS)O	BCRP_inhibitor	1567.0	213	148.0	121.0	46.0						
Mercaptopurine	C1=NC2=C(N1)C(=S)N=CN2	BCRP_inhibitor	667490.0	214	336.0	153.0							
Mesalazine	C1=CC(=C(C=C1N)C(=O)O)O	BCRP_inhibitor	4075.0	116									
Metformin	CN(C)C(=N)N=C(N)N	BCRP_substrate	4091.0	16	139.0	97.0	182.0	84.0	44.0	57.0	27.0		
Methadone	CCC(=O)C(CC(C)N(C)C)(C1=CC=CC=C1)C2=CC=CC=C2	BCRP_substrate	4095.0	102	95.0	245.0	76.0						
Methotrexate	CN(CC1=CN=C2C(=N1)C(=NC(=N2)N)N)C3=CC=C(C=C3)C(=O)NC(CCC(=O)O)C(=O)O	BCRP_substrate	126941.0	249	337.0	342.0	209.0	339.0	215.0	197.0	9.0	246.0	200.0
Methylcellulose	COCC1C(C(C(C(O1)OC2C(OC(C(C2OC)OC)OC)COC)OC)OC)OC	BCRP_inhibitor	51063134.0	168	304.0								
Metoclopramide	CCN(CC)CCNC(=O)C1=CC(=C(C=C1OC)N)Cl	BCRP_inhibitor	4168.0	107									
Metoprine	CC1=C(C(=NC(=N1)N)N)C2=CC(=C(C=C2)Cl)Cl	BCRP_inhibitor	24466.0	345									
Metyrapone	CC(C)(C1=CN=CC=C1)C(=O)C2=CN=CC=C2	BCRP_inhibitor	4174.0	20									
Micafungin	CCCCCOC1=CC=C(C=C1)C2=CC(=NO2)C3=CC=C(C=C3)C(=O)NC4CC(C(NC(=O)C5C(C(CN5C(=O)C(NC(=O)C(NC(=O)C6CC(CN6C(=O)C(NC4=O)C(C)O)O)C(C(C7=CC(=C(C=C7)O)OS(=O)(=O)O)O)O)C(CC(=O)N)O)C)O)O)O	BCRP_inhibitor	477468.0	113									
Miconazole	C1=CC(=C(C=C1Cl)Cl)COC(CN2C=CN=C2)C3=C(C=C(C=C3)Cl)Cl	BCRP_inhibitor	4189.0	232	268.0								
Midazolam	CC1=NC=C2N1C3=C(C=C(C=C3)Cl)C(=NC2)C4=CC=CC=C4F	BCRP_substrate	4192.0	153	57.0	37.0	24.0						
Midostaurin	CC12C(C(CC(O1)N3C4=CC=CC=C4C5=C6C(=C7C8=CC=CC=C8N2C7=C53)CNC6=O)N(C)C(=O)C9=CC=CC=C9)OC	BCRP_inhibitor	9829523.0	336	10.0	291.0	285.0	279.0	274.0	271.0			
Mitomycin	CC1=C(C(=O)C2=C(C1=O)N3CC4C(C3(C2COC(=O)N)OC)N4)N	BCRP_substrate	5746.0	340	320.0	127.0	124.0	99.0					
Mitomycin C	CC1=C(C(=O)C2=C(C1=O)N3CC4C(C3(C2COC(=O)N)OC)N4)N	BCRP_substrate	5746.0	340	320.0	127.0	124.0	99.0					
Mitoxantrone	C1=CC(=C2C(=C1NCCNCCO)C(=O)C3=C(C=CC(=C3C2=O)O)O)NCCNCCO	BCRP_substrate	4212.0	14	22.0	21.0	263.0	258.0	206.0	341.0	211.0	342.0	209.0
Mizoribine	C1=NC(=C(N1C2C(C(C(O2)CO)O)O)O)C(=O)N	BCRP_inhibitor	104762.0	40									
Molsidomine	CCOC(=NC1=C[N+](=NO1)N2CCOCC2)[O-]	BCRP_substrate	5353788.0	265									
Mometasone	CC1CC2C3CCC4=CC(=O)C=CC4(C3(C(CC2(C1(C(=O)CCl)O)C)O)Cl)C	BCRP_inhibitor	441335.0	241									
Montelukast	CC(C)(C1=CC=CC=C1CCC(C2=CC=CC(=C2)C=CC3=NC4=C(C=CC(=C4)Cl)C=C3)SCC5(CC5)CC(=O)O)O	BCRP_inhibitor	5281040.0	232	66.0	268.0							
Morphine	CN1CCC23C4C1CC5=C2C(=C(C=C5)O)OC3C(C=C4)O	BCRP_substrate	5288826.0	182	83.0	95.0	279.0	37.0	55.0				
Motesanib	CC1(CNC2=C1C=CC(=C2)NC(=O)C3=C(N=CC=C3)NCC4=CC=NC=C4)C	BCRP_inhibitor	11667893.0	315	302.0								
Moxidectin	CC1CC(=CCC2CC(CC3(O2)CC(=NOC)C(C(O3)C(=CC(C)C)C)C)OC(=O)C4C=C(C(C5C4(C(=CC=C1)CO5)O)O)C)C	BCRP_inhibitor	9832912.0	196	345.0	174.0	28.0						
Mycophenolate	CC1=C2COC(=O)C2=C(C(=C1OC)CC=C(C)CCC(=O)O)O	BCRP_substrate	446541.0	207	49.0								
Naproxen	CC(C1=CC2=C(C=C1)C=C(C=C2)OC)C(=O)O	BCRP_inhibitor	156391.0	227	76.0								
Naringin	CC1C(C(C(C(O1)OC2C(C(C(OC2OC3=CC(=C4C(=O)CC(OC4=C3)C5=CC=C(C=C5)O)O)CO)O)O)O)O)O	BCRP_substrate	442428.0	182	63.0	35.0							
Nedisertib	COC1=NN=C(C=C1)C(C2=C(C=C(C(=C2)C3=NC=NC4=C3C=CC(=C4)N5CCOCC5)F)Cl)O	BCRP_inhibitor	86292849.0	280									
Nelfinavir	CC1=C(C=CC=C1O)C(=O)NC(CSC2=CC=CC=C2)C(CN3CC4CCCCC4CC3C(=O)NC(C)(C)C)O	BCRP_inhibitor	64143.0	21	215.0	204.0	200.0	345.0	174.0	178.0	182.0	51.0	
Neratinib	CCOC1=C(C=C2C(=C1)N=CC(=C2NC3=CC(=C(C=C3)OCC4=CC=CC=N4)Cl)C#N)NC(=O)C=CCN(C)C	BCRP_inhibitor	9915743.0	163	318.0	94.0	270.0						
Netupitant	CC1=CC=CC=C1C2=CC(=NC=C2N(C)C(=O)C(C)(C)C3=CC(=CC(=C3)C(F)(F)F)C(F)(F)F)N4CCN(CC4)C	BCRP_substrate	6451149.0	107									
Nicardipine	CC1=C(C(C(=C(N1)C)C(=O)OCCN(C)CC2=CC=CC=C2)C3=CC(=CC=C3)[N+](=O)[O-])C(=O)OC	BCRP_substrate	4474.0	189	345.0	241.0	182.0	95.0	26.0				
Niclosamide	C1=CC(=C(C=C1[N+](=O)[O-])Cl)NC(=O)C2=C(C=CC(=C2)Cl)O	BCRP_inhibitor	4477.0	241									
Nifedipine	CC1=C(C(C(=C(N1)C)C(=O)OC)C2=CC=CC=C2[N+](=O)[O-])C(=O)OC	BCRP_inhibitor	4485.0	339	345.0	182.0	25.0						
Niguldipine	CC1=C(C(C(=C(N1)C)C(=O)OCCCN2CCC(CC2)(C3=CC=CC=C3)C4=CC=CC=C4)C5=CC(=CC=C5)[N+](=O)[O-])C(=O)OC	BCRP_inhibitor	1236.0	345									
Nilotinib	CC1=C(C=C(C=C1)C(=O)NC2=CC(=CC(=C2)C(F)(F)F)N3C=C(N=C3)C)NC4=NC=CC(=N4)C5=CN=CC=C5	BCRP_inhibitor	644241.0	22	263.0	209.0	343.0	197.0	200.0	250.0	214.0	345.0	183.0
Nimesulide	CS(=O)(=O)NC1=C(C=C(C=C1)[N+](=O)[O-])OC2=CC=CC=C2	BCRP_inhibitor	4495.0	227									
Nimodipine	CC1=C(C(C(=C(N1)C)C(=O)OC(C)C)C2=CC(=CC=C2)[N+](=O)[O-])C(=O)OCCOC	BCRP_substrate	4497.0	78									
Nintedanib	CN1CCN(CC1)CC(=O)N(C)C2=CC=C(C=C2)N=C(C3=CC=CC=C3)C4=C(NC5=C4C=CC(=C5)C(=O)OC)O	BCRP_inhibitor	135423438.0	232	41.0								
Nitrendipine	CCOC(=O)C1=C(NC(=C(C1C2=CC(=CC=C2)[N+](=O)[O-])C(=O)OC)C)C	BCRP_inhibitor	4507.0	345	26.0								
Nitrofurantoin	C1C(=O)NC(=O)N1N=CC2=CC=C(O2)[N+](=O)[O-]	BCRP_substrate	6604200.0	21	205.0	215.0	201.0	200.0	179.0	207.0	345.0	174.0	166.0
Nocodazole	COC(=O)NC1=NC2=C(N1)C=C(C=C2)C(=O)C3=CC=CS3	BCRP_inhibitor	4122.0	327									
Norclobazam	C1C(=O)NC2=C(C=C(C=C2)Cl)N(C1=O)C3=CC=CC=C3	BCRP_substrate	89657.0	118									
Norepinephrine	C1=CC(=C(C=C1C(CN)O)O)O	BCRP_substrate	439260.0	242									
Norfloxacin	CCN1C=C(C(=O)C2=CC(=C(C=C21)N3CCNCC3)F)C(=O)O	BCRP_substrate	4539.0	244									
Novobiocin	CC1=C(C=CC2=C1OC(=O)C(=C2O)NC(=O)C3=CC(=C(C=C3)O)CC=C(C)C)OC4C(C(C(C(O4)(C)C)OC)OC(=O)N)O	BCRP_inhibitor	54675769.0	215	199.0	9.0	175.0	345.0	241.0	152.0	140.0	178.0	131.0
Ofloxacin	CC1COC2=C3N1C=C(C(=O)C3=CC(=C2N4CCN(CC4)C)F)C(=O)O	BCRP_substrate	4583.0	345									
Olanzapine	CC1=CC2=C(S1)NC3=CC=CC=C3N=C2N4CCN(CC4)C	BCRP_substrate	135398745.0	118									
Olaparib	C1CC1C(=O)N2CCN(CC2)C(=O)C3=C(C=CC(=C3)CC4=NNC(=O)C5=CC=CC=C54)F	BCRP_inhibitor	23725625.0	121	289.0	268.0							
Olmesartan	CCCC1=NC(=C(N1CC2=CC=C(C=C2)C3=CC=CC=C3C4=NNN=N4)C(=O)O)C(C)(C)O	BCRP_substrate	158781.0	345									
Olmutinib	CN1CCN(CC1)C2=CC=C(C=C2)NC3=NC4=C(C(=N3)OC5=CC=CC(=C5)NC(=O)C=C)SC=C4	BCRP_inhibitor	54758501.0	297	99.0	284.0	283.0	280.0	274.0	272.0	270.0	261.0	81.0
Olomoucine	CN1C=NC2=C(N=C(N=C21)NCCO)NCC3=CC=CC=C3	BCRP_inhibitor	4592.0	344	97.0	232.0							
Oltipraz	CC1=C(SSC1=S)C2=NC=CN=C2	BCRP_substrate	47318.0	245									
Ombitasvir	CC(C)C(C(=O)N1CCCC1C(=O)NC2=CC=C(C=C2)C3CCC(N3C4=CC=C(C=C4)C(C)(C)C)C5=CC=C(C=C5)NC(=O)C6CCCN6C(=O)C(C(C)C)NC(=O)OC)NC(=O)OC	BCRP_inhibitor	54767916.0	76									
Omeprazole	CC1=CN=C(C(=C1OC)C)CS(=O)C2=NC3=C(N2)C=C(C=C3)OC	BCRP_inhibitor	4594.0	186	187.0	174.0	153.0	178.0	109.0	182.0	232.0	57.0	66.0
Ondansetron	CC1=NC=CN1CC2CCC3=C(C2=O)C4=CC=CC=C4N3C	BCRP_substrate	4595.0	107	182.0								
Ortataxel	CC1=C2C(C(=O)C3(C(CC4C(C3C(C5(C2(C)C)C(C1OC(=O)C(C(CC(C)C)NC(=O)OC(C)(C)C)O)OC(=O)O5)OC(=O)C6=CC=CC=C6)(CO4)OC(=O)C)O)C)OC(=O)C	BCRP_inhibitor	6918412.0	344									
Osimertinib	CN1C=C(C2=CC=CC=C21)C3=NC(=NC=C3)NC4=C(C=C(C(=C4)NC(=O)C=C)N(C)CCN(C)C)OC	BCRP_inhibitor	71496458.0	263	258.0	293.0	297.0	290.0	291.0	285.0	283.0	279.0	281.0
Oxaliplatin	C1CCC(C(C1)[NH-])[NH-].C(=O)(C(=O)O)O.[Pt+2]	BCRP_inhibitor	9887053.0	214	140.0	99.0	278.0	281.0					
Oxcarbazepine	C1C2=CC=CC=C2N(C3=CC=CC=C3C1=O)C(=O)N	BCRP_substrate	34312.0	16									
Oxfendazole	COC(=O)NC1=NC2=C(N1)C=C(C=C2)S(=O)C3=CC=CC=C3	BCRP_substrate	40854.0	174	28.0								
Oxycodone	CN1CCC23C4C(=O)CCC2(C1CC5=C3C(=C(C=C5)OC)O4)O	BCRP_inhibitor	5284603.0	102	76.0								
Oxypurinol	C1=NNC2=C1C(=O)NC(=O)N2	BCRP_substrate	135398752.0	69	49.0								
Paclitaxel	CC1=C2C(C(=O)C3(C(CC4C(C3C(C(C2(C)C)(CC1OC(=O)C(C(C5=CC=CC=C5)NC(=O)C6=CC=CC=C6)O)O)OC(=O)C7=CC=CC=C7)(CO4)OC(=O)C)O)C)OC(=O)C	BCRP_inhibitor	36314.0	21	258.0	18.0	337.0	335.0	194.0	332.0	246.0	187.0	214.0
Palbociclib	CC1=C(C(=O)N(C2=NC(=NC=C12)NC3=NC=C(C=C3)N4CCNCC4)C5CCCC5)C(=O)C	BCRP_inhibitor	5330286.0	289									
Paliperidone	CC1=C(C(=O)N2CCCC(C2=N1)O)CCN3CCC(CC3)C4=NOC5=C4C=CC(=C5)F	BCRP_inhibitor	115237.0	169	118.0	289.0							
Panobinostat	CC1=C(C2=CC=CC=C2N1)CCNCC3=CC=C(C=C3)C=CC(=O)NO	BCRP_substrate	6918837.0	99									
Pantoprazole	COC1=C(C(=NC=C1)CS(=O)C2=NC3=C(N2)C=C(C=C3)OC(F)F)OC	BCRP_substrate	4679.0	187	174.0	178.0	85.0	28.0	66.0	25.0			
Paracetamol	CC(=O)NC1=CC=C(C=C1)O	BCRP_substrate	1983.0	195	127.0	118.0							
Paritaprevir	CC1=CN=C(C=N1)C(=O)NC2CCCCCC=CC3CC3(NC(=O)C4CC(CN4C2=O)OC5=NC6=CC=CC=C6C7=CC=CC=C75)C(=O)NS(=O)(=O)C8CC8	BCRP_inhibitor	45110509.0	76									
Pazopanib	CC1=C(C=C(C=C1)NC2=NC=CC(=N2)N(C)C3=CC4=NN(C(=C4C=C3)C)C)S(=O)(=O)N	BCRP_inhibitor	10113978.0	247	344.0	163.0							
Pefloxacin	CCN1C=C(C(=O)C2=CC(=C(C=C21)N3CCN(CC3)C)F)C(=O)O	BCRP_substrate	51081.0	244									
Pelitinib	CCOC1=C(C=C2C(=C1)N=CC(=C2NC3=CC(=C(C=C3)F)Cl)C#N)NC(=O)C=CCN(C)C	BCRP_inhibitor	6445562.0	163	318.0	94.0	270.0						
Pemetrexed	C1=CC(=CC=C1CCC2=CNC3=C2C(=O)NC(=N3)N)C(=O)NC(CCC(=O)O)C(=O)O	BCRP_substrate	135410875.0	178	315.0	83.0							
Penicillin	CC1(C(N2C(S1)C(C2=O)NC(=O)CC3=CC=CC=C3)C(=O)O)C	BCRP_inhibitor	2349.0	249	340.0	188.0	246.0	187.0	244.0	247.0	144.0	136.0	202.0
Penicillin G	CC1(C(N2C(S1)C(C2=O)NC(=O)CC3=CC=CC=C3)C(=O)O)C	BCRP_inhibitor	5904.0	152	278.0								
Pentobarbital	CCCC(C)C1(C(=O)NC(=O)NC1=O)CC	BCRP_inhibitor	4737.0	97									
Perfluorooctane	C(C(C(C(C(F)(F)F)(F)F)(F)F)(F)F)(C(C(C(F)(F)F)(F)F)(F)F)(F)F	BCRP_substrate	9387.0	245									
Perifosine	CCCCCCCCCCCCCCCCCCOP(=O)([O-])OC1CC[N+](CC1)(C)C	BCRP_inhibitor	148177.0	309	48.0	269.0							
Permethrin	CC1(C(C1C(=O)OCC2=CC(=CC=C2)OC3=CC=CC=C3)C=C(Cl)Cl)C	BCRP_substrate	40326.0	169									
Perphenazine	C1CN(CCN1CCCN2C3=CC=CC=C3SC4=C2C=C(C=C4)Cl)CCO	BCRP_substrate	4748.0	182									
Pevonedistat	C1CC2=CC=CC=C2C1NC3=C4C=CN(C4=NC=N3)C5CC(C(C5)O)COS(=O)(=O)N	BCRP_inhibitor	16720766.0	281									
Phenobarbital	CCC1(C(=O)NC(=O)NC1=O)C2=CC=CC=C2	BCRP_substrate	4763.0	186	126.0	118.0	182.0	232.0	71.0	55.0			
Phenylbutazone	CCCCC1C(=O)N(N(C1=O)C2=CC=CC=C2)C3=CC=CC=C3	BCRP_substrate	4781.0	294									
Phenytoin	C1=CC=C(C=C1)C2(C(=O)NC(=O)N2)C3=CC=CC=C3	BCRP_substrate	1775.0	16	118.0	112.0	90.0	182.0					
Phosphatidylethanolamine	CC(=O)OCC(COP(=O)(O)OCCN)OC(=O)C	BCRP_substrate	5327011.0	206	116.0								
Pimozide	C1CN(CCC1N2C3=CC=CC=C3NC2=O)CCCC(C4=CC=C(C=C4)F)C5=CC=C(C=C5)F	BCRP_inhibitor	16362.0	241	110.0	107.0							
Pioglitazone	CCC1=CN=C(C=C1)CCOC2=CC=C(C=C2)CC3C(=O)NC(=O)S3	BCRP_inhibitor	4829.0	153	316.0	182.0							
Pirarubicin	CC1C(C(CC(O1)OC2CC(CC3=C2C(=C4C(=C3O)C(=O)C5=C(C4=O)C(=CC=C5)OC)O)(C(=O)CO)O)N)OC6CCCCO6	BCRP_inhibitor	11296583.0	345	133.0								
Piritrexim	CC1=C2C(=NC(=NC2=NC=C1CC3=C(C=CC(=C3)OC)OC)N)N	BCRP_inhibitor	54369.0	345	344.0								
Pitavastatin	C1CC1C2=NC3=CC=CC=C3C(=C2C=CC(CC(CC(=O)O)O)O)C4=CC=C(C=C4)F	BCRP_substrate	5282452.0	207	213.0	345.0	344.0	163.0	152.0	129.0	2.0	224.0	96.0
Plasminogen		BCRP_substrate		167									
Plumbagin	CC1=CC(=O)C2=C(C1=O)C=CC=C2O	BCRP_substrate	10205.0	340	345.0	5.0	296.0	305.0	261.0				
Ponatinib	CC1=C(C=C(C=C1)C(=O)NC2=CC(=C(C=C2)CN3CCN(CC3)C)C(F)(F)F)C#CC4=CN=C5N4N=CC=C5	BCRP_inhibitor	24826799.0	336	10.0	163.0	304.0	306.0	99.0	285.0	41.0		
Porphobilinogen	C1=C(C(=C(N1)CN)CC(=O)O)CCC(=O)O	BCRP_inhibitor	1021.0	211									
Posaconazole	CCC(C(C)O)N1C(=O)N(C=N1)C2=CC=C(C=C2)N3CCN(CC3)C4=CC=C(C=C4)OCC5CC(OC5)(CN6C=NC=N6)C7=C(C=C(C=C7)F)F	BCRP_inhibitor	468595.0	113									
Poziotinib	COC1=C(C=C2C(=C1)N=CN=C2NC3=C(C(=C(C=C3)Cl)Cl)F)OC4CCN(CC4)C(=O)C=C	BCRP_substrate	25127713.0	281	262.0								
Pralsetinib	CC1=CC(=NN1)NC2=NC(=NC(=C2)C)C3CCC(CC3)(C(=O)NC(C)C4=CN=C(C=C4)N5C=C(C=N5)F)OC	BCRP_inhibitor	129073603.0	41									
Pravastatin	CCC(C)C(=O)OC1CC(C=C2C1C(C(C=C2)C)CCC(CC(CC(=O)O)O)O)O	BCRP_substrate	54687.0	200	344.0	152.0	178.0	113.0	112.0	224.0	96.0	92.0	87.0
Prazosin	COC1=C(C=C2C(=C1)C(=NC(=N2)N3CCN(CC3)C(=O)C4=CC=CO4)N)OC	BCRP_substrate	4893.0	342	339.0	215.0	204.0	201.0	335.0	195.0	185.0	200.0	189.0
Prednisolone	CC12CC(C3C(C1CCC2(C(=O)CO)O)CCC4=CC(=O)C=CC34C)O	BCRP_inhibitor	5755.0	202	226.0								
Prednisone	CC12CC(=O)C3C(C1CCC2(C(=O)CO)O)CCC4=CC(=O)C=CC34C	BCRP_substrate	5865.0	131									
Pregnenolone	CC(=O)C1CCC2C1(CCC3C2CC=C4C3(CCC(C4)O)C)C	BCRP_substrate	8955.0	245									
Probenecid	CCCN(CCC)S(=O)(=O)C1=CC=C(C=C1)C(=O)O	BCRP_inhibitor	4911.0	190	336.0	239.0	203.0	182.0	83.0	52.0	34.0	26.0	
Promazine	CN(C)CCCN1C2=CC=CC=C2SC3=CC=CC=C31	BCRP_substrate	4926.0	182	245.0								
Propafenone	CCCNCC(COC1=CC=CC=C1C(=O)CCC2=CC=CC=C2)O	BCRP_inhibitor	4932.0	115	110.0	81.0	66.0						
Propidium	CC[N+](C)(CC)CCC[N+]1=C2C=C(C=CC2=C3C=CC(=CC3=C1C4=CC=CC=C4)N)N	BCRP_inhibitor	4939.0	196	181.0	190.0	334.0	175.0	322.0	151.0	10.0	316.0	141.0
Protein C		BCRP_inhibitor		22	46.0								
Puromycin	CN(C)C1=NC=NC2=C1N=CN2C3C(C(C(O3)CO)NC(=O)C(CC4=CC=C(C=C4)OC)N)O	BCRP_inhibitor	439530.0	18	175.0	84.0	56.0						
Purvalanol	CC(C)C(CO)NC1=NC(=C2C(=N1)N(C=N2)C(C)C)NC3=CC(=C(C=C3)C(=O)O)Cl	BCRP_inhibitor	448991.0	344									
Purvalanol A	CC(C)C(CO)NC1=NC(=C2C(=N1)N(C=N2)C(C)C)NC3=CC(=CC=C3)Cl	BCRP_substrate	456214.0	344	97.0	232.0							
Pyrazole	C1=CNN=C1	BCRP_substrate	1048.0	245									
Pyrimethamine	CCC1=C(C(=NC(=N1)N)N)C2=CC=C(C=C2)Cl	BCRP_inhibitor	4993.0	345									
Quercetin	C1=CC(=C(C=C1C2=C(C(=O)C3=C(C=C(C=C3O2)O)O)O)O)O	BCRP_substrate	5280343.0	339	196.0	172.0	345.0	344.0	239.0	311.0	146.0	182.0	294.0
Quetiapine	C1CN(CCN1CCOCCO)C2=NC3=CC=CC=C3SC4=CC=CC=C42	BCRP_inhibitor	5002.0	289									
Quinacrine	CCN(CC)CCCC(C)NC1=C2C=C(C=CC2=NC3=C1C=CC(=C3)Cl)OC	BCRP_substrate	237.0	3									
Quinidine	COC1=CC2=C(C=CN=C2C=C1)C(C3CC4CCN3CC4C=C)O	BCRP_inhibitor	441074.0	148	126.0	113.0	314.0	109.0	78.0	294.0	232.0	76.0	289.0
Quinine	COC1=CC2=C(C=CN=C2C=C1)C(C3CC4CCN3CC4C=C)O	BCRP_inhibitor	3034034.0	182	294.0	289.0	81.0	66.0					
Quinupristin	CCC1C(=O)N2CCCC2C(=O)N(C(C(=O)N3CC(C(=O)CC3C(=O)NC(C(=O)OC(C(C(=O)N1)NC(=O)C4=C(C=CC=N4)O)C)C5=CC=CC=C5)CSC6CN7CCC6CC7)CC8=CC=C(C=C8)N(C)C)C	BCRP_inhibitor	5388937.0	66									
Quizartinib	CC(C)(C)C1=CC(=NO1)NC(=O)NC2=CC=C(C=C2)C3=CN4C5=C(C=C(C=C5)OCCN6CCOCC6)SC4=N3	BCRP_substrate	24889392.0	274	281.0	262.0	260.0						
Raloxifene	C1CCN(CC1)CCOC2=CC=C(C=C2)C(=O)C3=C(SC4=C3C=CC(=C4)O)C5=CC=C(C=C5)O	BCRP_inhibitor	5035.0	184	87.0	182.0							
Raltitrexed	CC1=NC2=C(C=C(C=C2)CN(C)C3=CC=C(S3)C(=O)NC(CCC(=O)O)C(=O)O)C(=O)N1	BCRP_substrate	135400182.0	344									
Ranitidine	CNC(=C[N+](=O)[O-])NCCSCC1=CC=C(O1)CN(C)C	BCRP_substrate	3001055.0	21	148.0	107.0							
Rebeccamycin	COC1C(OC(C(C1O)O)N2C3=C(C=CC=C3Cl)C4=C5C(=C6C7=C(C(=CC=C7)Cl)NC6=C42)C(=O)NC5=O)CO	BCRP_substrate	73110.0	345	260.0								
Regorafenib	CNC(=O)C1=NC=CC(=C1)OC2=CC(=C(C=C2)NC(=O)NC3=CC(=C(C=C3)Cl)C(F)(F)F)F	BCRP_inhibitor	11167602.0	280	46.0	299.0	79.0	267.0	270.0	269.0	66.0		
Repaglinide	CCOC1=C(C=CC(=C1)CC(=O)NC(CC(C)C)C2=CC=CC=C2N3CCCCC3)C(=O)O	BCRP_substrate	65981.0	153	92.0	24.0							
Rescinnamine	COC1C(CC2CN3CCC4=C(C3CC2C1C(=O)OC)NC5=C4C=CC(=C5)OC)OC(=O)C=CC6=CC(=C(C(=C6)OC)OC)OC	BCRP_substrate	5280954.0	182									
Reserpine	COC1C(CC2CN3CCC4=C(C3CC2C1C(=O)OC)NC5=C4C=CC(=C5)OC)OC(=O)C6=CC(=C(C(=C6)OC)OC)OC	BCRP_inhibitor	5770.0	345	344.0	178.0	314.0	217.0					
Resveratrol	C1=CC(=CC=C1C=CC2=CC(=CC(=C2)O)O)O	BCRP_substrate	445154.0	22	196.0	345.0	159.0	139.0	178.0	114.0	142.0	294.0	99.0
Rhodamine B	CCN(CC)C1=CC2=C(C=C1)C(=C3C=CC(=[N+](CC)CC)C=C3O2)C4=CC=CC=C4C(=O)O.[Cl-]	BCRP_inhibitor	6694.0	241	69.0								
Ribociclib	CN(C)C(=O)C1=CC2=CN=C(N=C2N1C3CCCC3)NC4=NC=C(C=C4)N5CCNCC5	BCRP_inhibitor	44631912.0	232	280.0								
Ricolinostat	C1=CC=C(C=C1)N(C2=CC=CC=C2)C3=NC=C(C=N3)C(=O)NCCCCCCC(=O)NO	BCRP_substrate	53340666.0	263	285.0	283.0	271.0						
Rifabutin	CC1C=CC=C(C(=O)NC2=C(C3=C(C4=C(C(=C3O)C)OC(C4=O)(OC=CC(C(C(C(C(C(C1O)C)O)C)OC(=O)C)C)OC)C)C5=NC6(CCN(CC6)CC(C)C)N=C25)O)C	BCRP_substrate	135415564.0	76									
Rifampicin	CC1C=CC=C(C(=O)NC2=C(C(=C3C(=C2O)C(=C(C4=C3C(=O)C(O4)(OC=CC(C(C(C(C(C(C1O)C)O)C)OC(=O)C)C)OC)C)C)O)O)C=NN5CCN(CC5)C)C	BCRP_inhibitor	135398735.0	186	242.0	316.0	182.0	95.0	245.0	232.0	76.0	45.0	24.0
Rifampin	CC1C=CC=C(C(=O)NC2=C(C(=C3C(=C2O)C(=C(C4=C3C(=O)C(O4)(OC=CC(C(C(C(C(C(C1O)C)O)C)OC(=O)C)C)OC)C)C)O)O)C=NN5CCN(CC5)C)C	BCRP_inhibitor	135398735.0	153	139.0	126.0	96.0	182.0	76.0				
Rilonacept		BCRP_inhibitor		129									
Rilpivirine	CC1=CC(=CC(=C1NC2=NC(=NC=C2)NC3=CC=C(C=C3)C#N)C)C=CC#N	BCRP_substrate	6451164.0	97									
Riluzole	C1=CC2=C(C=C1OC(F)(F)F)SC(=N2)N	BCRP_substrate	5070.0	345									
Riociguat	CN(C1=C(N=C(N=C1N)C2=NN(C3=C2C=CC=N3)CC4=CC=CC=C4F)N)C(=O)OC	BCRP_inhibitor	11304743.0	76	30.0								
Risperidone	CC1=C(C(=O)N2CCCCC2=N1)CCN3CCC(CC3)C4=NOC5=C4C=CC(=C5)F	BCRP_inhibitor	5073.0	169	118.0								
Ritonavir	CC(C)C1=NC(=CS1)CN(C)C(=O)NC(C(C)C)C(=O)NC(CC2=CC=CC=C2)CC(C(CC3=CC=CC=C3)NC(=O)OCC4=CN=CS4)O	BCRP_inhibitor	392622.0	215	200.0	345.0	178.0	182.0	85.0	245.0	76.0	31.0	66.0
Rivaroxaban	C1COCC(=O)N1C2=CC=C(C=C2)N3CC(OC3=O)CNC(=O)C4=CC=C(S4)Cl	BCRP_inhibitor	9875401.0	76	57.0	37.0	30.0						
Rociletinib	CC(=O)N1CCN(CC1)C2=CC(=C(C=C2)NC3=NC=C(C(=N3)NC4=CC(=CC=C4)NC(=O)C=C)C(F)(F)F)OC	BCRP_inhibitor	57335384.0	22	281.0								
Roflumilast	C1CC1COC2=C(C=CC(=C2)C(=O)NC3=C(C=NC=C3Cl)Cl)OC(F)F	BCRP_inhibitor	449193.0	110									
Rolapitant	CC(C1=CC(=CC(=C1)C(F)(F)F)C(F)(F)F)OCC2(CCC3(CCC(=O)N3)CN2)C4=CC=CC=C4	BCRP_substrate	10311306.0	107									
Romidepsin	CC=C1C(=O)NC(C(=O)OC2CC(=O)NC(C(=O)NC(CSSCCC=C2)C(=O)N1)C(C)C)C(C)C	BCRP_substrate	5352062.0	338	214.0	344.0	99.0	285.0					
Rosiglitazone	CN(CCOC1=CC=C(C=C1)CC2C(=O)NC(=O)S2)C3=CC=CC=N3	BCRP_inhibitor	77999.0	186	316.0	318.0	105.0	84.0	245.0				
Rosuvastatin	CC(C)C1=NC(=NC(=C1C=CC(CC(CC(=O)O)O)O)C2=CC=C(C=C2)F)N(C)S(=O)(=O)C	BCRP_substrate	446157.0	215	201.0	200.0	207.0	345.0	168.0	153.0	143.0	152.0	237.0
Rucaparib	CNCC1=CC=C(C=C1)C2=C3CCNC(=O)C4=C3C(=CC(=C4)F)N2	BCRP_substrate	9931954.0	121	131.0	245.0	289.0						
Salinomycin	CCC(C1CCC(C(O1)C(C)C(C(C)C(=O)C(CC)C2C(CC(C3(O2)C=CC(C4(O3)CCC(O4)(C)C5CCC(C(O5)C)(CC)O)O)C)C)O)C)C(=O)O	BCRP_substrate	3085092.0	73									
Saquinavir	CC(C)(C)NC(=O)C1CC2CCCCC2CN1CC(C(CC3=CC=CC=C3)NC(=O)C(CC(=O)N)NC(=O)C4=NC5=CC=CC=C5C=C4)O	BCRP_inhibitor	441243.0	21	214.0	345.0	174.0	178.0	182.0	95.0	71.0	69.0	45.0
Saxagliptin	C1C2CC2N(C1C#N)C(=O)C(C34CC5CC(C3)CC(C5)(C4)O)N	BCRP_inhibitor	11243969.0	76									
Seliciclib	CCC(CO)NC1=NC(=C2C(=N1)N(C=N2)C(C)C)NCC3=CC=CC=C3	BCRP_inhibitor	160355.0	344									
Selonsertib	CC1=CC(=C(C=C1N2C=C(N=C2)C3CC3)C(=O)NC4=CC=CC(=N4)C5=NN=CN5C(C)C)F	BCRP_inhibitor	71245288.0	280	281.0	272.0	299.0						
Selpercatinib	CC(C)(COC1=CN2C(=C(C=N2)C#N)C(=C1)C3=CN=C(C=C3)N4CC5CC(C4)N5CC6=CN=C(C=C6)OC)O	BCRP_inhibitor	134436906.0	41									
Serotonin	C1=CC2=C(C=C1O)C(=CN2)CCN	BCRP_substrate	5202.0	188	171.0	148.0	110.0	256.0					
Sertraline	CNC1CCC(C2=CC=CC=C12)C3=CC(=C(C=C3)Cl)Cl	BCRP_substrate	68617.0	95									
Sevelamer	C=CCN.C1C(O1)CCl	BCRP_substrate	3085017.0	242									
Sildenafil	CCCC1=NN(C2=C1N=C(NC2=O)C3=C(C=CC(=C3)S(=O)(=O)N4CCN(CC4)C)OCC)C	BCRP_inhibitor	135398744.0	214	331.0	143.0	131.0	182.0	291.0	285.0	283.0	279.0	267.0
Simvastatin	CCC(C)(C)C(=O)OC1CC(C=C2C1C(C(C=C2)C)CCC3CC(CC(=O)O3)O)C	BCRP_substrate	54454.0	200	344.0	237.0	178.0	96.0	182.0	76.0	66.0	25.0	
Sirolimus	CC1CCC2CC(C(=CC=CC=CC(CC(C(=O)C(C(C(=CC(C(=O)CC(OC(=O)C3CCCCN3C(=O)C(=O)C1(O2)O)C(C)CC4CCC(C(C4)OC)O)C)C)O)OC)C)C)C)OC	BCRP_substrate	5284616.0	215	244.0	247.0	146.0	113.0	76.0	49.0	261.0		
Sirukumab		BCRP_inhibitor		57									
Sitravatinib	COCCNCC1=CN=C(C=C1)C2=CC3=NC=CC(=C3S2)OC4=C(C=C(C=C4)NC(=O)C5(CC5)C(=O)NC6=CC=C(C=C6)F)F	BCRP_inhibitor	25212148.0	281	272.0	267.0	271.0						
Sorafenib	CNC(=O)C1=NC=CC(=C1)OC2=CC=C(C=C2)NC(=O)NC3=CC(=C(C=C3)Cl)C(F)(F)F	BCRP_inhibitor	216239.0	214	167.0	247.0	336.0	344.0	10.0	147.0	163.0	143.0	136.0
Sparfloxacin	CC1CN(CC(N1)C)C2=C(C(=C3C(=C2F)N(C=C(C3=O)C(=O)O)C4CC4)N)F	BCRP_substrate	60464.0	182									
Spinosad	CCC1CCCC(C(C(=O)C2=CC3C4CC(CC4C=CC3C2CC(=O)O1)OC5C(C(C(C(O5)C)OC)OC)OC)C)OC6CCC(C(O6)C)N(C)C.CCC1CCCC(C(C(=O)C2=CC3C4CC(CC4C(=CC3C2CC(=O)O1)C)OC5C(C(C(C(O5)C)OC)OC)OC)C)OC6CCC(C(O6)C)N(C)C	BCRP_inhibitor	56841558.0	169									
Spiramycin	CC1CC=CC=CC(C(CC(C(C(C(CC(=O)O1)O)OC)OC2C(C(C(C(O2)C)OC3CC(C(C(O3)C)O)(C)O)N(C)C)O)CC=O)C)OC4CCC(C(O4)C)N(C)C	BCRP_substrate	6419898.0	205	327.0								
Spironolactone	CC(=O)SC1CC2=CC(=O)CCC2(C3C1C4CCC5(C4(CC3)C)CCC(=O)O5)C	BCRP_inhibitor	5833.0	182	66.0								
Staurosporine	CC12C(C(CC(O1)N3C4=CC=CC=C4C5=C6C(=C7C8=CC=CC=C8N2C7=C53)CNC6=O)NC)OC	BCRP_inhibitor	44259.0	336									
Streptomycin	CC1C(C(C(O1)OC2C(C(C(C(C2O)O)N=C(N)N)O)N=C(N)N)OC3C(C(C(C(O3)CO)O)O)NC)(C=O)O	BCRP_inhibitor	19649.0	249	340.0	188.0	246.0	187.0	207.0	244.0	144.0	152.0	136.0
Streptozocin	CN(C(=O)NC1C(C(C(OC1O)CO)O)O)N=O	BCRP_substrate	29327.0	111	99.0								
Sulfadiazine	C1=CN=C(N=C1)NS(=O)(=O)C2=CC=C(C=C2)N	BCRP_substrate	5215.0	31									
Sulfadimethoxine	COC1=NC(=NC(=C1)NS(=O)(=O)C2=CC=C(C=C2)N)OC	BCRP_substrate	5323.0	192									
Sulfaphenazole	C1=CC=C(C=C1)N2C(=CC=N2)NS(=O)(=O)C3=CC=C(C=C3)N	BCRP_inhibitor	5335.0	232	268.0								
Sulfapyridine	C1=CC=NC(=C1)NS(=O)(=O)C2=CC=C(C=C2)N	BCRP_inhibitor	5336.0	85	62.0								
Sulfasalazine	C1=CC=NC(=C1)NS(=O)(=O)C2=CC=C(C=C2)N=NC3=CC(=C(C=C3)O)C(=O)O	BCRP_substrate	5339.0	341	201.0	335.0	193.0	213.0	345.0	164.0	174.0	168.0	162.0
Sulfinpyrazone	C1=CC=C(C=C1)N2C(=O)C(C(=O)N2C3=CC=CC=C3)CCS(=O)C4=CC=CC=C4	BCRP_substrate	5342.0	294									
Sulindac	CC1=C(C2=C(C1=CC3=CC=C(C=C3)S(=O)C)C=CC(=C2)F)CC(=O)O	BCRP_substrate	1548887.0	139	227.0	182.0							
Sunitinib	CCN(CC)CCNC(=O)C1=C(NC(=C1C)C=C2C3=C(C=CC(=C3)F)NC2=O)C	BCRP_inhibitor	5329102.0	200	250.0	189.0	177.0	214.0	345.0	167.0	247.0	7.0	331.0
Tacrolimus	CC1CC(C2C(CC(C(O2)(C(=O)C(=O)N3CCCCC3C(=O)OC(C(C(CC(=O)C(C=C(C1)C)CC=C)O)C)C(=CC4CCC(C(C4)OC)O)C)O)C)OC)OC	BCRP_substrate	445643.0	21	215.0	244.0	146.0	182.0	76.0	49.0	261.0		
Tadalafil	CN1CC(=O)N2C(C1=O)CC3=C(C2C4=CC5=C(C=C4)OCO5)NC6=CC=CC=C36	BCRP_inhibitor	110635.0	182	279.0								
Talazoparib	CN1C(=NC=N1)C2C(NC3=CC(=CC4=C3C2=NNC4=O)F)C5=CC=C(C=C5)F	BCRP_substrate	135565082.0	268									
Talinolol	CC(C)(C)NCC(COC1=CC=C(C=C1)NC(=O)NC2CCCCC2)O	BCRP_substrate	68770.0	21	168.0	182.0	95.0	63.0	45.0	66.0			
Tamoxifen	CCC(=C(C1=CC=CC=C1)C2=CC=C(C=C2)OCCN(C)C)C3=CC=CC=C3	BCRP_inhibitor	2733526.0	199	246.0	200.0	328.0	175.0	214.0	344.0	140.0	178.0	109.0
Tandutinib	CC(C)OC1=CC=C(C=C1)NC(=O)N2CCN(CC2)C3=NC=NC4=CC(=C(C=C43)OC)OCCCN5CCCCC5	BCRP_inhibitor	3038522.0	240	214.0	345.0	336.0	10.0	314.0	182.0	291.0	299.0	326.0
Tariquidar	COC1=C(C=C2CN(CCC2=C1)CCC3=CC=C(C=C3)NC(=O)C4=CC(=C(C=C4NC(=O)C5=CC6=CC=CC=C6N=C5)OC)OC)OC	BCRP_inhibitor	148201.0	22	263.0	258.0	196.0	200.0	214.0	345.0	183.0	247.0	149.0
Taxifolin	C1=CC(=C(C=C1C2C(C(=O)C3=C(C=C(C=C3O2)O)O)O)O)O	BCRP_substrate	439533.0	182									
Telaprevir	CCCC(C(=O)C(=O)NC1CC1)NC(=O)C2C3CCCC3CN2C(=O)C(C(C)(C)C)NC(=O)C(C4CCCCC4)NC(=O)C5=NC=CN=C5	BCRP_substrate	3010818.0	178									
Telatinib	CNC(=O)C1=NC=CC(=C1)COC2=NN=C(C3=C2OC=C3)NC4=CC=C(C=C4)Cl	BCRP_substrate	9808844.0	318	312.0	178.0	314.0	269.0					
Telithromycin	CCC1C2(C(C(C(=O)C(CC(C(C(C(=O)C(C(=O)O1)C)C)OC3C(C(CC(O3)C)N(C)C)O)(C)OC)C)C)N(C(=O)O2)CCCCN4C=C(N=C4)C5=CN=CC=C5)C	BCRP_inhibitor	3002190.0	25									
Telmisartan	CCCC1=NC2=C(N1CC3=CC=C(C=C3)C4=CC=CC=C4C(=O)O)C=C(C=C2C)C5=NC6=CC=CC=C6N5C	BCRP_inhibitor	65999.0	316	318.0	178.0	87.0						
Temafloxacin	CC1CN(CCN1)C2=C(C=C3C(=C2)N(C=C(C3=O)C(=O)O)C4=C(C=C(C=C4)F)F)F	BCRP_substrate	60021.0	244									
Temozolomide	CN1C(=O)N2C=NC(=C2N=N1)C(=O)N	BCRP_substrate	5394.0	249	214.0	313.0	99.0	273.0	53.0	268.0			
Temsirolimus	CC1CCC2CC(C(=CC=CC=CC(CC(C(=O)C(C(C(=CC(C(=O)CC(OC(=O)C3CCCCN3C(=O)C(=O)C1(O2)O)C(C)CC4CCC(C(C4)OC)OC(=O)C(C)(CO)CO)C)C)O)OC)C)C)C)OC	BCRP_inhibitor	6918289.0	247									
Teniposide	COC1=CC(=CC(=C1O)OC)C2C3C(COC3=O)C(C4=CC5=C(C=C24)OCO5)OC6C(C(C7C(O6)COC(O7)C8=CC=CS8)O)O	BCRP_substrate	452548.0	301	182.0								
Tenofovir	CC(CN1C=NC2=C(N=CN=C21)N)OCP(=O)(O)O	BCRP_inhibitor	464205.0	97	95.0								
Tepotinib	CN1CCC(CC1)COC2=CN=C(N=C2)C3=CC=CC(=C3)CN4C(=O)C=CC(=N4)C5=CC=CC(=C5)C#N	BCRP_inhibitor	25171648.0	274	281.0	272.0	262.0	268.0					
Terazosin	COC1=C(C=C2C(=C1)C(=NC(=N2)N3CCN(CC3)C(=O)C4CCCO4)N)OC	BCRP_inhibitor	5401.0	171	111.0								
Terfenadine	CC(C)(C)C1=CC=C(C=C1)C(CCCN2CCC(CC2)C(C3=CC=CC=C3)(C4=CC=CC=C4)O)O	BCRP_substrate	5405.0	182									
Tetracycline	CC1(C2CC3C(C(=O)C(=C(C3(C(=O)C2=C(C4=C1C=CC=C4O)O)O)O)C(=O)N)N(C)C)O	BCRP_inhibitor	54675776.0	182	56.0								
Tetraethylammonium	CC[N+](CC)(CC)CC	BCRP_substrate	5413.0	139									
Tetrandrine	CN1CCC2=CC(=C3C=C2C1CC4=CC=C(C=C4)OC5=C(C=CC(=C5)CC6C7=C(O3)C(=C(C=C7CCN6C)OC)OC)OC)OC	BCRP_substrate	73078.0	343	250.0	7.0	309.0	277.0					
Tetrodotoxin	C(C1(C2C3C(N=C(NC34C(C1OC(C4O)(O2)O)O)N)O)O)O	BCRP_substrate	11174599.0	269									
Thalidomide	C1CC(=O)NC(=O)C1N2C(=O)C3=CC=CC=C3C2=O	BCRP_substrate	5426.0	214									
Thioguanine	C1=NC2=C(N1)C(=S)N=C(N2)N	BCRP_substrate	2723601.0	214									
Thioredoxin		BCRP_substrate		51									
Thioridazine	CN1CCCCC1CCN2C3=CC=CC=C3SC4=C2C=C(C=C4)SC	BCRP_inhibitor	5452.0	107									
Thrombopoietin		BCRP_substrate		99									
Thymidine	CC1=CN(C(=O)NC1=O)C2CC(C(O2)CO)O	BCRP_substrate	5789.0	44									
Thyroxine	C1=C(C=C(C(=C1I)OC2=CC(=C(C(=C2)I)O)I)I)CC(C(=O)O)N	BCRP_substrate	5819.0	109	95.0								
Tiagabine	CC1=C(SC=C1)C(=CCCN2CCCC(C2)C(=O)O)C3=C(C=CS3)C	BCRP_inhibitor	60648.0	16									
Tilmicosin	CCC1C(C=C(C=CC(=O)C(CC(C(C(C(CC(=O)O1)O)C)OC2C(C(C(C(O2)C)O)N(C)C)O)CCN3CC(CC(C3)C)C)C)C)COC4C(C(C(C(O4)C)O)OC)OC	BCRP_substrate	5282521.0	31	20.0								
Tipranavir	CCCC1(CC(=C(C(=O)O1)C(CC)C2=CC(=CC=C2)NS(=O)(=O)C3=NC=C(C=C3)C(F)(F)F)O)CCC4=CC=CC=C4	BCRP_substrate	54682461.0	178	245.0								
Tivantinib	C1CC2=C3C(=CC=C2)C(=CN3C1)C4C(C(=O)NC4=O)C5=CNC6=CC=CC=C65	BCRP_inhibitor	11494412.0	280	274.0	281.0	272.0	262.0					
Tivozanib	CC1=CC(=NO1)NC(=O)NC2=C(C=C(C=C2)OC3=C4C=C(C(=CC4=NC=C3)OC)OC)Cl	BCRP_inhibitor	9911830.0	302	326.0								
Tofacitinib	CC1CCN(CC1N(C)C2=NC=NC3=C2C=CN3)C(=O)CC#N	BCRP_inhibitor	9926791.0	61									
Tolvaptan	CC1=CC=CC=C1C(=O)NC2=CC(=C(C=C2)C(=O)N3CCCC(C4=C3C=CC(=C4)Cl)O)C	BCRP_substrate	216237.0	52									
Topiramate	CC1(OC2COC3(C(C2O1)OC(O3)(C)C)COS(=O)(=O)N)C	BCRP_substrate	5284627.0	182									
Topotecan	CCC1(C2=C(COC1=O)C(=O)N3CC4=CC5=C(C=CC(=C5CN(C)C)O)N=C4C3=C2)O	BCRP_substrate	60700.0	263	258.0	18.0	341.0	342.0	209.0	339.0	215.0	204.0	201.0
Toremifene	CN(C)CCOC1=CC=C(C=C1)C(=C(CCCl)C2=CC=CC=C2)C3=CC=CC=C3	BCRP_inhibitor	3005573.0	292	48.0	289.0							
Trametinib	CC1=C2C(=C(N(C1=O)C)NC3=C(C=C(C=C3)I)F)C(=O)N(C(=O)N2C4=CC=CC(=C4)NC(=O)C)C5CC5	BCRP_substrate	11707110.0	182									
Trastuzumab		BCRP_substrate		14	344.0	293.0							
Tributyltin	CCCC[Sn](CCCC)CCCC	BCRP_inhibitor	3032732.0	135	105.0								
Trichlormethiazide	C1=C2C(=CC(=C1Cl)S(=O)(=O)N)S(=O)(=O)NC(N2)C(Cl)Cl	BCRP_substrate	5560.0	26									
Trichostatin A	CC(C=C(C)C=CC(=O)NO)C(=O)C1=CC=C(C=C1)N(C)C	BCRP_inhibitor	444732.0	338	34.0								
Triciribine	CN1C2=NC=NC3=C2C(=CN3C4C(C(C(O4)CO)O)O)C(=N1)N	BCRP_inhibitor	65399.0	75	74.0								
Triclabendazole	CSC1=NC2=CC(=C(C=C2N1)Cl)OC3=C(C(=CC=C3)Cl)Cl	BCRP_substrate	50248.0	174	169.0	28.0							
Trifluoperazine	CN1CCN(CC1)CCCN2C3=CC=CC=C3SC4=C2C=C(C=C4)C(F)(F)F	BCRP_substrate	5566.0	169	182.0	294.0	81.0						
Triiodothyronine	C1=CC(=C(C=C1OC2=C(C=C(C=C2I)CC(C(=O)O)N)I)I)O	BCRP_inhibitor	5920.0	268									
Trimetrexate	CC1=C(C=CC2=C1C(=NC(=N2)N)N)CNC3=CC(=C(C(=C3)OC)OC)OC	BCRP_substrate	5583.0	344									
Troglitazone	CC1=C(C2=C(CCC(O2)(C)COC3=CC=C(C=C3)CC4C(=O)NC(=O)S4)C(=C1O)C)C	BCRP_substrate	5591.0	195	244.0	345.0	152.0	139.0	105.0	245.0			
Tunicamycin		BCRP_inhibitor		180									
Ulixertinib	CC(C)NC1=NC=C(C(=C1)C2=CNC(=C2)C(=O)NC(CO)C3=CC(=CC=C3)Cl)Cl	BCRP_inhibitor	11719003.0	22	280.0	274.0	281.0						
Uridine	C1=CN(C(=O)NC1=O)C2C(C(C(O2)CO)O)O	BCRP_inhibitor	6029.0	163	239.0	83.0	80.0						
Urolithin A	C1=CC2=C(C=C1O)C(=O)OC3=C2C=CC(=C3)O	BCRP_substrate	5488186.0	99									
Valinomycin	CC1C(=O)NC(C(=O)OC(C(=O)NC(C(=O)OC(C(=O)NC(C(=O)OC(C(=O)NC(C(=O)OC(C(=O)NC(C(=O)OC(C(=O)NC(C(=O)O1)C(C)C)C(C)C)C(C)C)C)C(C)C)C(C)C)C(C)C)C)C(C)C)C(C)C)C(C)C	BCRP_substrate	3000706.0	182									
Valspodar	CC=CCC(C)C(=O)C1C(=O)NC(C(=O)N(CC(=O)N(C(C(=O)NC(C(=O)N(C(C(=O)NC(C(=O)NC(C(=O)N(C(C(=O)N(C(C(=O)N(C(C(=O)N1C)C(C)C)C)CC(C)C)C)CC(C)C)C)C)C)CC(C)C)C)C(C)C)CC(C)C)C)C)C(C)C	BCRP_inhibitor	5281884.0	18	211.0	209.0	247.0	149.0	229.0	278.0	251.0	43.0	326.0
Vandetanib	CN1CCC(CC1)COC2=C(C=C3C(=C2)N=CN=C3NC4=C(C=C(C=C4)Br)F)OC	BCRP_inhibitor	3081361.0	250	214.0	345.0	247.0	344.0	163.0	318.0	182.0	94.0	270.0
Vardenafil	CCCC1=NC(=C2N1N=C(NC2=O)C3=C(C=CC(=C3)S(=O)(=O)N4CCN(CC4)CC)OCC)C	BCRP_inhibitor	135400189.0	214	279.0	289.0							
Vatalanib	C1=CC=C2C(=C1)C(=NN=C2NC3=CC=C(C=C3)Cl)CC4=CC=NC=C4	BCRP_inhibitor	151194.0	291	285.0								
Vemurafenib	CCCS(=O)(=O)NC1=C(C(=C(C=C1)F)C(=O)C2=CNC3=C2C=C(C=N3)C4=CC=C(C=C4)Cl)F	BCRP_inhibitor	42611257.0	163	293.0	290.0	84.0	245.0	299.0	271.0	289.0		
Venetoclax	CC1(CCC(=C(C1)C2=CC=C(C=C2)Cl)CN3CCN(CC3)C4=CC(=C(C=C4)C(=O)NS(=O)(=O)C5=CC(=C(C=C5)NCC6CCOCC6)[N+](=O)[O-])OC7=CN=C8C(=C7)C=CN8)C	BCRP_inhibitor	49846579.0	15	274.0	281.0	272.0	270.0	262.0				
Venlafaxine	CN(C)CC(C1=CC=C(C=C1)OC)C2(CCCCC2)O	BCRP_substrate	5656.0	182	245.0								
Verapamil	CC(C)C(CCCN(C)CCC1=CC(=C(C=C1)OC)OC)(C#N)C2=CC(=C(C=C2)OC)OC	BCRP_inhibitor	2520.0	249	22.0	15.0	341.0	209.0	215.0	204.0	196.0	193.0	244.0
Vercirnon	CC(C)(C)C1=CC=C(C=C1)S(=O)(=O)NC2=C(C=C(C=C2)Cl)C(=O)C3=CC=[N+](C=C3)[O-]	BCRP_substrate	10343454.0	153									
Vinblastine	CCC1(CC2CC(C3=C(CCN(C2)C1)C4=CC=CC=C4N3)(C5=C(C=C6C(=C5)C78CCN9C7C(C=CC9)(C(C(C8N6C)(C(=O)OC)O)OC(=O)C)CC)OC)C(=O)OC)O	BCRP_substrate	13342.0	342	339.0	204.0	194.0	244.0	330.0	151.0	154.0	344.0	241.0
Vincristine	CCC1(CC2CC(C3=C(CCN(C2)C1)C4=CC=CC=C4N3)(C5=C(C=C6C(=C5)C78CCN9C7C(C=CC9)(C(C(C8N6C=O)(C(=O)OC)O)OC(=O)C)CC)OC)C(=O)OC)O	BCRP_substrate	5978.0	249	263.0	258.0	339.0	343.0	193.0	189.0	187.0	165.0	151.0
Vindesine	CCC1(CC2CC(C3=C(CCN(C2)C1)C4=CC=CC=C4N3)(C5=C(C=C6C(=C5)C78CCN9C7C(C=CC9)(C(C(C8N6C)(C(=O)N)O)O)CC)OC)C(=O)OC)O	BCRP_substrate	40839.0	66									
Vinorelbine	CCC1=CC2CC(C3=C(CN(C2)C1)C4=CC=CC=C4N3)(C5=C(C=C6C(=C5)C78CCN9C7C(C=CC9)(C(C(C8N6C)(C(=O)OC)O)OC(=O)C)CC)OC)C(=O)OC	BCRP_substrate	5311497.0	344									
Volasertib	CCC1C(=O)N(C2=CN=C(N=C2N1C(C)C)NC3=C(C=C(C=C3)C(=O)NC4CCC(CC4)N5CCN(CC5)CC6CC6)OC)C	BCRP_inhibitor	10461508.0	293	291.0	271.0							
Voriconazole	CC(C1=NC=NC=C1F)C(CN2C=NC=N2)(C3=C(C=C(C=C3)F)F)O	BCRP_inhibitor	71616.0	113									
Vorinostat	C1=CC=C(C=C1)NC(=O)CCCCCCC(=O)NO	BCRP_substrate	5311.0	344	99.0								
Voruciclib	CN1CCC(C1CO)C2=C(C=C(C3=C2OC(=CC3=O)C4=C(C=C(C=C4)C(F)(F)F)Cl)O)O	BCRP_substrate	67409219.0	290	284.0	60.0	299.0	269.0					
Warfarin	CC(=O)CC(C1=CC=CC=C1)C2=C(C3=CC=CC=C3OC2=O)O	BCRP_substrate	54678486.0	63	57.0								
Wortmannin	CC(=O)OC1CC2(C(CCC2=O)C3=C1C4(C(OC(=O)C5=COC(=C54)C3=O)COC)C)C	BCRP_substrate	312145.0	159	316.0	68.0							
Xylazine	CC1=C(C(=CC=C1)C)NC2=NCCCS2	BCRP_inhibitor	5707.0	246									
Zafirlukast	CC1=CC=CC=C1S(=O)(=O)NC(=O)C2=CC(=C(C=C2)CC3=CN(C4=C3C=C(C=C4)NC(=O)OC5CCCC5)C)OC	BCRP_inhibitor	5717.0	326									
Zanubrutinib	C=CC(=O)N1CCC(CC1)C2CCNC3=C(C(=NN23)C4=CC=C(C=C4)OC5=CC=CC=C5)C(=O)N	BCRP_substrate	135565884.0	57									
Zeranol	CC1CCCC(CCCCCC2=C(C(=CC(=C2)O)O)C(=O)O1)O	BCRP_substrate	2999413.0	84									
Zidovudine	CC1=CN(C(=O)NC1=O)C2CC(C(O2)CO)N=[N+]=[N-]	BCRP_substrate	35370.0	215	178.0	112.0	203.0	97.0	182.0	95.0	71.0	44.0	55.0
Zosuquidar	C1CN(CCN1CC(COC2=CC=CC3=C2C=CC=N3)O)C4C5=CC=CC=C5C6C(C6(F)F)C7=CC=CC=C47	BCRP_inhibitor	3036703.0	18	209.0	241.0	229.0	10.0	141.0	97.0	182.0	53.0	43.0
